-1.9207,0.84888,0.46804,0.45241,0.98246,0.27336,0.59309,-0.036426,-0.47553,-0.10606,-0.50395,-0.06911,-0.064847,0.8702,0.5661,0.17815,-0.18848,0.43678,0.14547,0.030363,0.43678,-0.35758,-0.16716,0.038889,-0.58211,0.099994,0.21083,0.031784,-0.97005,-1.2216,-0.05395,1.3222,1.7134,1.6142,1.6369,0.63485,0.56682,0.59375,0.22951,-0.16733,-0.86888,-0.10497,-0.78668,-0.096468,-0.89865,-0.81078,-1.5903,-1.4358,-1.4259,-1.4698,-1.2955,-1.4443,-1.7377,-1.7249,-1.9347,-1.9687,-2.041,-1.9347,-1.9106,-1.9049,-1.783,-1.9545,-1.9432,-1.9914,-1.8624,-2.16,-1.9134,-1.8723,-1.9092,-1.9659,-1.5322,-1.5251,-1.8213,-1.7462,-1.8156,-1.9488,-1.9588,-2.0466,-2.1572,-2.0665,-2.0254,-1.9219,-2.0863,-1.9559,-1.4556,-1.7646,-2.1161,-1.963,-2.0183,-2.0367,-2.1997,-1.946,-2.0906,-2.109,-2.1019,-1.8284,-2.0424,-2.0013,-1.8879,-1.749,-1.6583,-1.783,0.041008,-0.0171,0.34572,-0.30481,0.59516,0.53422,0.37123,0.48745,0.70429,-0.17158,-1.1736,-1.7873,-1.4911,1.3151,-0.63645,0.92397,0.079274,-1.6002,-1.9999,-1.9418,-2.0311,-1.7929,-1.8383,-1.6867,-2.075,-1.9857,-1.8,-1.7405,-2.0693,-2.0608,-1.8029,-1.9814,-1.8992,-2.024,-1.8397,-1.9744,-2.0296,-2.0211,-2.0055,-2.0849,-2.1898,-2.0155,-1.9588,-1.9899,-1.7122,-1.6654,-1.7235,-1.5874,-1.4556,-1.0333,-0.096468,-0.66905,-1.5208,-1.3082,-1.2629,-1.2686,-0.57126,-1.3706,-1.4372,-1.0007,-1.4315,-1.8581,-1.8638,-0.52165,-0.010014,-1.0602,-1.4797,-1.4769,-1.5251,-1.5279,-1.7207,-1.9758,0.63201,0.44635,-1.6314,-1.6952,-1.9389,-1.9701,-1.8142,-1.9361,-1.9148,-1.8992,-2.0041,-1.8581,-2.0991,-1.6569,-1.7759,-1.834,-1.6271,-1.8539,-1.8482,-1.912,-1.8454,-1.8837,-1.6824,-1.9871,-1.9857,-1.8865,-1.7774,-1.8681,-2.0183,-1.7774,-1.8596,-1.9517,-1.5265,-1.7093,-1.5988,-0.16308
-1.4049,0.34741,0.5904,0.73047,0.33884,1.8339,0.75905,0.84195,1.3622,-0.27004,-0.79888,3.0402,1.3108,2.2369,-0.31292,0.54752,-0.36723,-0.51588,0.88769,0.31025,0.0043832,-0.66167,-0.8389,-1.0333,-1.9023,0.17876,-0.81032,-1.8537,-2.2568,-2.2939,-1.3483,-0.23637,-0.17079,-0.033944,-0.022539,-0.99759,-0.90351,-1.0118,-1.7959,-1.9726,-2.1722,-0.96338,-1.9755,-2.0325,-2.1694,-2.2121,-2.215,-2.0211,-2.1294,-2.2492,-2.1409,-2.0468,-2.2064,-2.2891,-2.4088,-2.3604,-2.3233,-2.2036,-2.329,-2.2264,-2.3262,-2.2777,-2.2577,-2.2806,-2.1865,-2.4088,-2.3062,-2.3946,-2.3518,-2.3746,-2.3746,-2.3404,-2.3176,-2.349,-2.2748,-2.2977,-2.2178,-2.1893,-2.2663,-2.2321,-2.1351,-2.1009,-2.3091,-2.0952,-1.9413,-2.1523,-2.1152,-2.0781,-2.0382,-1.9584,-2.1637,-2.0411,-2.0126,-2.0325,-2.2549,-2.0553,-2.0924,-2.1209,-2.2207,-2.1865,-2.0667,-2.3376,-1.6049,-1.5621,-1.0717,-1.4823,-0.76381,-0.7524,-0.053901,0.094353,0.82136,-1.2114,-1.6448,-2.1152,-2.2634,-0.82083,-0.49296,0.27967,-0.77806,-2.1466,-2.4573,-2.3746,-2.3632,-2.2834,-2.3319,-2.1152,-2.3319,-2.2207,-2.0981,-1.8301,-2.3689,-2.2492,-2.1893,-2.1095,-2.1665,-2.2777,-2.0382,-2.0639,-2.138,-2.0867,-2.2207,-2.2435,-2.3433,-2.0781,-2.2691,-2.138,-2.0126,-2.061,-1.7617,-1.9783,-2.081,-2.2178,-1.756,-1.9327,-2.3176,-2.3746,-2.3347,-2.3661,-2.1523,-2.3091,-2.4374,-2.3176,-2.3832,-2.2834,-2.4773,-1.2513,-1.1145,-2.1836,-2.2292,-2.1152,-2.1665,-2.1893,-2.1779,-2.1608,-0.98619,-1.3825,-2.2121,-2.3005,-2.3091,-2.4031,-2.1066,-2.1722,-2.1409,-2.0724,-2.0126,-2.2121,-2.3205,-1.9812,-2.1608,-2.0439,-1.2285,-1.6476,-2.1523,-2.2235,-2.2748,-2.2406,-2.2435,-2.2748,-2.215,-2.1979,-2.1893,-2.2435,-2.2064,-1.9726,-1.947,-2.2321,-2.1722,-2.1409,-2.252,-1.7389
-0.80834,-0.068446,0.068895,0.18537,-0.17886,0.098517,-0.2886,-0.099415,-0.04017,0.16719,1.0262,0.53343,0.40417,0.47755,0.36445,0.47284,-0.080564,-0.19636,1.0182,0.81215,0.46476,-0.1149,-0.52827,-0.2657,-0.80766,0.32607,-0.71408,-0.98876,-1.1106,-0.12904,0.27853,1.8712,2.3634,2.591,2.8294,1.4153,0.70491,0.6109,0.42827,1.4455,0.13148,-0.80117,-0.91599,-0.98112,-0.97642,-0.95695,-0.60779,-1.104,-1.0859,-1.0624,-0.8757,-1.0812,-1.0973,-1.1107,-0.93613,-1.1168,-1.1067,-1.0899,-1.0765,-0.68568,-0.065925,-1.1221,-1.0798,-1.1127,-1.1127,-1.1047,-0.59839,-1.1107,-1.104,-1.0933,-1.0127,-0.33787,-1.1114,-1.1074,-1.1168,-0.24856,-0.4171,-0.4688,-0.1465,0.025392,0.056279,-0.22237,-0.29959,-0.45604,-0.66889,1.0977,-0.81863,-1.061,-0.83474,-1.0214,-0.93076,-1.0275,-0.60175,-0.34592,-1.1013,-0.023624,-0.57355,-1.0731,-1.0187,-0.93479,-1.0503,0.031436,0.20266,-0.5346,-0.41575,0.087838,0.069037,0.59076,0.19393,0.47863,1.2025,0.58673,0.19729,-0.41508,-0.264,0.34903,0.14693,0.52294,-0.48961,-1.0892,-1.0966,-0.68366,-1.0879,-1.1121,-1.098,-0.56012,-0.85824,-1.1006,-1.1295,-1.1275,-1.0946,-1.0859,0.70356,0.72639,-0.48827,-0.92807,-0.46813,-0.59839,-0.591,-0.56146,-0.24923,-0.20425,0.057622,1.1252,-1.1114,-1.1161,-1.1114,1.1293,-0.020938,0.57196,0.21541,0.9755,1.2951,0.4887,-0.12904,1.0937,-0.057868,1.0715,0.46452,0.10261,0.95603,0.48333,0.25167,0.42155,-0.42851,-0.64875,0.4511,-0.1512,0.22347,1.1514,3.2256,3.1275,2.6414,1.7161,0.66193,1.1051,1.1964,0.51958,-0.54534,-1.0033,-1.0348,-0.9086,-1.0167,-1.1221,-1.0154,-1.1241,-0.75753,-1.1168,-0.9086,0.29935,2.6004,3.2685,-1.0355,-1.0348,-0.24789,-1.0691,-1.1208,-0.68769,-0.93748,-1.1188,-1.0765,-0.24185,-0.049811,1.001,2.5078,2.9073,1.5456,1.1212,0.43364,0.72908
-1.4888,2.6166,3.7171,1.9803,1.8164,0.69356,2.5168,0.23641,0.48058,3.1147,2.0516,0.60801,0.24711,0.40394,1.3262,0.14195,-0.29113,-0.52817,-0.25014,-0.29737,-0.84273,-1.4638,-1.855,-2.011,-2.1598,-2.0226,-2.1562,-2.215,-2.2231,-2.1464,-2.0348,-1.9192,-1.9184,-1.969,-1.9201,-2.0161,-2.017,-2.0366,-2.1512,-2.0757,-2.1281,-2.1485,-2.217,-2.1921,-2.2099,-2.1948,-2.1672,-2.1717,-2.1841,-2.1805,-2.1557,-2.1699,-2.2028,-2.1983,-2.2045,-2.2134,-2.2285,-2.1965,-2.1717,-2.1361,-2.1876,-2.1841,-2.1779,-2.177,-2.1699,-2.1992,-2.1583,-2.1663,-2.1725,-2.1494,-2.1237,-2.1281,-2.1859,-2.177,-2.1805,-2.1672,-2.137,-2.1468,-2.1228,-2.1405,-2.1148,-2.1485,-2.1352,-2.1414,-2.1032,-2.1237,-2.1494,-2.1557,-2.1548,-2.1459,-2.1485,-2.1583,-2.1654,-2.137,-2.1832,-2.1397,-2.1654,-2.1601,-2.1352,-2.1441,-2.1308,-2.1521,-2.1797,-2.209,-2.2125,-2.185,-2.1912,-2.1965,-2.2116,-2.1805,-2.169,-2.1592,-2.1068,-2.0561,-2.1352,-2.1352,-2.209,-2.1805,-2.1174,-2.1361,-2.1734,-2.1699,-2.1681,-2.1539,-1.9877,-2.0508,-2.0517,-2.0508,-2.1085,-2.097,-2.0837,-2.0872,-2.0819,-2.0721,-2.1237,-2.1254,-2.1059,-2.0881,-2.1148,-2.0828,-2.0632,-2.0446,-2.0552,-2.0561,-2.1308,-2.1379,-2.0668,-2.1059,-2.089,-2.1299,-2.1192,-2.1032,-2.1548,-2.0934,-2.0659,-2.0837,-2.0597,-2.0872,-2.1077,-2.0668,-2.0357,-2.1183,-2.1468,-2.1148,-2.0766,-2.1325,-2.1228,-2.1228,-2.0712,-2.0686,-2.1068,-2.089,-2.0961,-2.1041,-2.1263,-2.1085,-2.0846,-2.0979,-2.1112,-2.1343,-2.1121,-2.1174,-2.1299,-2.1414,-2.1743,-2.1494,-2.1308,-2.1361,-2.1388,-2.0819,-2.1521,-2.1254,-2.1139,-2.1263,-2.1468,-2.1423,-2.1717,-2.145,-2.1583,-2.1254,-2.1334,-2.0757,-2.1014,-2.0846,-2.0721,-2.0757,-2.1121,-2.0534,-2.0881,-2.2036
0.40537,3.6964,1.1697,3.2318,2.4117,4.1584,0.58705,3.6692,4.0325,-0.21884,-0.59648,-0.04754,0.52087,-0.11762,-1.1454,-0.39793,-0.35121,-1.4322,-1.074,-0.48228,-0.77167,-1.7424,-1.9033,-1.623,-2.2225,-1.5153,-1.5347,-2.2822,-2.3134,-2.1109,-1.576,-0.31799,-0.5186,-0.9509,-0.4746,-1.3185,-1.0972,-0.9962,-1.9371,-1.9255,-2.2672,-2.0614,-2.2633,-2.1934,-2.24,-2.1015,-1.9164,-1.7585,-1.7417,-1.8465,-1.8595,-1.8064,-1.8634,-1.8983,-1.9617,-1.9579,-2.0277,-1.7288,-1.8388,-0.4526,-2.0523,-1.8284,-1.765,-1.8349,-1.8504,-1.8802,-1.6848,-1.7391,-1.7301,-1.7391,-1.4803,-1.699,-1.7158,-1.8038,-1.8504,-1.6757,-1.7534,-1.7676,-1.6395,-1.6912,-1.7534,-1.8867,-1.8543,-1.7585,-1.5256,-1.6783,-1.6641,-1.8543,-1.7495,-1.822,-1.7844,-1.7948,-1.8388,-1.6783,-1.7482,-1.6278,-1.7624,-1.7844,-1.4932,-1.6433,-1.4414,-1.6576,-2.0976,-2.2025,-2.2724,-2.262,-2.1611,-2.0174,-2.2322,-2.0925,-2.0122,-1.919,-1.8582,-1.4272,-1.7495,-1.9501,-2.1378,-1.8077,-1.4013,-1.6369,-1.831,-1.699,-1.7831,-1.7469,-1.6848,-1.633,-1.7689,-1.7223,-1.7326,-1.7339,-1.7158,-1.6498,-1.4958,-1.4699,-1.6188,-1.8,-1.8233,-1.7132,-1.7624,-1.6472,-1.7068,-1.7365,-1.6679,-1.6835,-1.6006,-1.8103,-1.5139,-1.8038,-1.5061,-1.6653,-1.6369,-1.7326,-1.9527,-1.3495,-1.6213,-1.6045,-1.5916,-2.0226,-1.8737,-1.6705,-1.7482,-1.9669,-1.8621,-1.699,-1.5786,-1.8673,-1.8,-1.7637,-1.5424,-1.4867,-1.5178,-1.4777,-1.501,-1.523,-1.6071,-1.369,-1.3237,-1.4634,-1.6446,-1.62,-1.5527,-1.567,-1.598,-1.7029,-1.699,-1.6576,-1.6757,-1.6692,-1.4854,-1.5553,-1.7585,-1.5372,-1.6252,-1.7456,-1.7081,-1.8297,-1.6964,-1.8077,-1.7961,-1.699,-1.413,-1.6395,-1.8168,-1.8025,-1.6304,-1.6097,-1.7792,-1.3457,-1.6964,-2.1054
-0.05325,-0.12755,-0.11517,-0.11517,-0.12755,-0.12755,-0.12755,-0.11517,-0.12755,-0.05325,-0.10278,-0.10278,-0.12755,-0.10278,-0.12755,-0.12755,-0.12755,-0.090401,-0.05325,-0.11517,-0.078017,-0.028483,-0.05325,0.10774,0.18204,-0.028483,0.095355,0.75169,1.0117,0.20681,0.66291,-0.12755,-0.12755,-0.12755,-0.12755,-0.10285,-0.090499,-0.053447,-0.041096,0.045361,0.48999,0.21827,0.30473,0.28003,0.20592,0.30473,0.92227,1.0334,1.6757,1.4781,1.5275,1.688,0.72466,0.37883,0.32943,0.070062,0.19357,0.77406,1.2681,1.651,0.26768,0.52705,0.72466,0.5641,0.51469,0.47764,0.65055,0.67526,0.57645,0.48999,0.62585,0.60115,0.082413,0.094764,0.5641,1.2557,1.1199,1.0952,0.98403,0.97168,0.82347,0.89757,0.94698,1.0828,0.90992,1.3052,0.84817,1.0334,1.3422,2.7502,1.4781,1.7251,1.3175,1.3299,0.94698,1.4287,0.65055,0.48999,0.24297,0.15652,0.10712,0.057711,-0.053447,0.18122,0.11947,0.094764,-0.016394,-0.053447,0.47764,0.15652,0.31708,0.68761,0.90992,2.0462,0.71231,-0.078149,0.03301,-0.090499,0.0083078,0.082413,0.045361,0.020659,0.32943,0.88522,0.86052,0.60115,0.40354,0.18122,0.20592,0.34178,0.40354,0.082413,0.35413,0.67526,0.082413,0.03301,-0.0040431,0.26768,0.057711,0.0083078,-0.078149,0.057711,-0.041096,0.045361,0.36648,0.39119,1.9968,0.40354,0.67526,0.62585,0.36648,0.6135,0.41589,1.2434,6.4431,5.3068,5.1339,2.7502,1.9845,2.9972,1.7127,1.1816,1.7004,1.8486,1.5522,0.50234,0.67526,1.0705,1.1569,0.66291,0.83582,0.52705,0.68761,0.51469,0.55175,0.6382,2.0339,0.6382,0.14417,0.094764,0.094764,0.045361,0.41589,1.1446,0.95933,1.0334,0.5888,0.6135,0.45294,0.6382,0.36648,0.10712,-0.078149,-0.1152,1.0334,2.6143,2.7132,3.2689,3.5777,1.688,0.99638,1.6016,2.4291,4.0718,3.3307,3.4789,1.4781,2.145,1.1075,0.21827
-1.9365,0.89668,0.94424,0.65606,0.38542,0.052504,0.57226,0.42958,-0.15981,0.45449,0.18952,-0.0075114,-0.17454,0.31295,0.55584,0.076284,0.13177,0.27558,0.89612,0.81515,0.74212,0.14876,0.29143,0.49186,-0.84603,-0.32854,-0.7628,-0.76563,-2.1664,-2.1709,-1.8162,-0.9409,-0.46488,-0.86693,-0.47786,-1.4779,-1.5011,-1.6355,-2.0787,-2.2465,-2.5423,-2.5915,-2.6395,-2.5841,-2.622,-2.6203,-2.6005,-2.583,-2.5847,-2.5774,-2.5751,-2.583,-2.6186,-2.5983,-2.6468,-2.6423,-2.635,-2.6084,-2.6316,-2.6112,-2.6366,-2.6542,-2.6626,-2.6604,-2.6468,-2.683,-2.6592,-2.6547,-2.6575,-2.6395,-2.6372,-2.6169,-2.6604,-2.6259,-2.6513,-2.6242,-2.6304,-2.6316,-2.6271,-2.6287,-2.6412,-2.6146,-2.6485,-2.622,-2.557,-2.6361,-2.6141,-2.6632,-2.6536,-2.6383,-2.6666,-2.6598,-2.6242,-2.6321,-2.6479,-2.5966,-2.6271,-2.6287,-2.6011,-2.6022,-2.5695,-2.6005,-2.3306,-2.0285,-1.7857,-1.6829,-1.8732,-1.3802,-1.7061,-1.483,-1.2086,-1.9794,-2.3419,-2.6383,-2.6327,-1.7896,-2.6462,-1.9415,-0.92453,-2.6254,-2.688,-2.6451,-2.6784,-2.6824,-2.6671,-2.6355,-2.67,-2.6638,-2.6366,-2.6429,-2.666,-2.6259,-2.6016,-2.5909,-2.6039,-2.6366,-2.605,-2.6542,-2.6366,-2.631,-2.6067,-2.6485,-2.6615,-2.592,-2.6581,-2.6434,-2.6287,-2.6208,-2.6067,-2.6124,-2.6502,-2.5576,-2.4017,-1.9398,-2.574,-2.6169,-2.5903,-2.6468,-2.4537,-2.6175,-2.5864,-2.5728,-2.5231,-2.6191,-2.6683,-2.2583,-2.1476,-2.4943,-2.6152,-2.5373,-2.5203,-2.5542,-2.6079,-2.6095,-1.6637,-1.2989,-2.609,-2.6621,-2.6858,-2.6993,-2.6818,-2.7005,-2.6762,-2.688,-2.6694,-2.6745,-2.6948,-2.6728,-2.6079,-2.5864,-2.4932,-2.539,-2.6508,-2.6491,-2.6271,-2.5661,-2.6378,-2.6722,-2.6813,-2.6852,-2.6479,-2.6739,-2.6525,-2.6654,-2.6615,-2.6203,-2.5011,-2.4176,-2.487,-1.4333
-2.082,0.014204,0.080715,0.38391,0.84903,0.7105,0.97471,0.63482,0.39859,0.60133,0.32612,1.2178,1.0068,0.80087,0.39997,0.51372,0.38116,0.36419,0.077504,0.1353,0.2119,-0.31881,-0.3422,-0.12111,-1.1133,-0.63485,-0.66421,-1.2403,-1.8513,-1.7151,-1.0915,-0.32388,-0.36551,-0.54576,-0.46387,-0.94285,-0.72418,-0.79051,-1.3624,-1.4287,-1.9649,-1.9768,-2.093,-1.926,-2.1657,-2.1931,-2.3354,-2.2682,-2.2942,-2.2604,-2.3299,-2.3185,-2.3967,-2.3295,-2.4512,-2.4008,-2.4255,-2.4008,-2.4722,-2.4072,-2.4576,-2.5811,-2.5674,-2.593,-2.5482,-2.5953,-2.5866,-2.5761,-2.5651,-2.5221,-2.5083,-2.518,-2.5614,-2.5646,-2.5719,-2.5582,-2.539,-2.5674,-2.5971,-2.5683,-2.5472,-2.555,-2.5445,-2.5385,-2.4214,-2.5051,-2.5779,-2.555,-2.5491,-2.5536,-2.5756,-2.5568,-2.5674,-2.5559,-2.5463,-2.1877,-2.5143,-2.518,-2.4544,-2.5088,-2.4333,-2.4631,-2.4772,-2.5344,-2.539,-2.5834,-2.5605,-2.5299,-2.5454,-2.5774,-2.577,-2.4704,-2.5216,-2.5056,-2.5504,-2.4718,-2.5271,-2.4878,-2.4846,-2.3903,-2.5788,-2.5966,-2.6479,-2.6163,-2.6314,-2.5884,-2.6387,-2.6401,-2.5966,-2.5925,-2.6515,-2.636,-2.604,-2.6168,-2.62,-2.6332,-2.6278,-2.6355,-2.6241,-2.6204,-2.6268,-2.6383,-2.6525,-2.6136,-2.6355,-2.6035,-2.5902,-2.5852,-2.5468,-2.6072,-2.5825,-2.5587,-2.5902,-2.523,-2.5953,-2.5655,-2.5971,-2.6191,-2.5619,-2.5966,-2.6396,-2.6127,-2.5966,-2.6218,-2.6666,-2.5655,-2.5367,-2.6172,-2.6209,-2.593,-2.6067,-2.5902,-2.6149,-2.6273,-2.5111,-2.4118,-2.6168,-2.6383,-2.6493,-2.6625,-2.6387,-2.6438,-2.6392,-2.6461,-2.6557,-2.6479,-2.679,-2.6483,-2.6012,-2.6264,-2.6259,-2.6273,-2.6264,-2.6525,-2.6433,-2.6557,-2.6424,-2.6552,-2.6676,-2.6593,-2.6063,-2.657,-2.6776,-2.6598,-2.6493,-2.6488,-2.6474,-2.6218,-2.6268,-2.6602
-2.3498,-0.36387,-0.36863,0.17478,0.74859,1.1007,0.1152,0.65862,1.1734,0.2153,-0.44848,2.4658,0.88087,1.6185,0.052634,1.3403,0.99408,0.52693,-0.28641,-0.43775,0.31779,-0.77799,-0.51343,-0.38413,-1.03,-0.56765,-0.58731,-1.2576,-1.6485,-1.3619,-0.78771,0.11915,0.51553,-0.10727,0.51732,0.16729,0.55951,0.446,-0.40975,-0.16491,-1.0516,-0.59755,-1.3648,-1.1282,-1.4075,-1.3303,-1.4771,-1.691,-1.7831,-1.7136,-1.5341,-1.612,-1.653,-1.7403,-1.8235,-1.8497,-1.7742,-1.6197,-1.7088,-1.3362,-0.98798,-1.937,-1.8705,-1.9038,-2.0143,-1.9751,-1.8842,-1.8723,-1.8057,-1.439,-1.4842,-1.7671,-1.8984,-2.0167,-2.0755,-1.8616,-1.9525,-1.8954,-1.8503,-1.9376,-1.8657,-2.0874,-2.0292,-2.0797,-1.7802,-1.6512,-2.0404,-2.0696,-2.0547,-2.1462,-2.129,-2.0987,-2.0874,-2,-2.1878,-1.5573,-2.0892,-1.9578,-1.8271,-2.0333,-2.1926,-1.8943,1.2085,-1.5175,-2.066,-1.3624,-1.5959,-1.8883,-1.9281,-1.5947,-1.6346,-1.5413,-1.6661,-2.1349,-1.9311,-1.8527,-2.0767,-2.0101,-1.6946,-2.2877,-2.2686,-2.3548,-2.3447,-2.4606,-2.2948,-2.3703,-2.2936,-2.3744,-2.4178,-2.4428,-2.3465,-2.3548,-2.2312,-2.3257,-2.3602,-2.3721,-2.3441,-2.3697,-2.4636,-2.397,-2.3334,-2.3447,-2.3441,-2.2092,-2.3798,-2.4689,-2.3608,-1.962,-2.047,-2.0315,-2.1296,-1.7974,-1.7635,-2.0601,-2.1023,-1.8414,-2.2681,-2.1421,-2.1367,-2.2984,-2.3863,-2.4469,-2.1296,-1.8021,-1.9608,-2.1082,-1.88,-2.3114,-2.3507,-2.3144,-2.132,-2.0773,-2.2823,-2.4339,-1.9061,-2.1183,-1.8651,-2.0577,-2.4065,-2.482,-2.5592,-2.5872,-2.5943,-2.5931,-2.5937,-2.6246,-2.5616,-2.646,-2.5491,-2.4701,-2.5099,-2.4095,-2.6407,-2.6365,-2.6003,-2.6377,-2.6692,-2.6335,-2.6294,-2.6264,-2.5028,-2.5491,-2.5384,-2.4731,-2.4618,-2.4885,-2.5694,-2.4838,-2.4659,-2.3447
-0.80312,0.21331,-0.98922,0.52825,-0.37364,-0.80312,-0.98922,-0.35933,-0.41659,-0.21617,-0.90333,-0.3307,-0.15891,1.6306,0.59983,1.015,3.3198,1.5447,-0.31638,-0.10164,-0.28775,0.1131,-0.44522,-0.31638,0.055832,0.87183,-0.3307,-0.73154,-0.058695,-0.96059,0.2959,0.78166,0.89595,1.5246,0.85309,0.2959,1.5103,1.0102,-0.41844,0.038738,0.7388,1.0245,1.3246,0.68165,0.32448,2.2103,3.1961,4.0962,3.7248,1.3246,-0.3613,0.038738,0.024451,0.38162,0.91024,0.32448,1.4674,0.2959,0.15303,0.053025,-0.47559,1.2245,-0.075557,0.61021,0.26733,-0.7899,1.296,0.081599,-0.40416,0.095885,0.067312,0.4102,1.3531,0.45306,0.88166,1.696,1.3246,0.46734,0.26733,-0.16128,0.18161,-0.56131,-0.0041228,-0.40416,-0.73275,0.16732,2.6247,-0.21843,0.31019,-0.4613,-0.37558,-0.84705,-0.3613,-0.47559,-0.87562,-0.9042,-0.44702,-0.94706,1.4817,1.9389,1.4103,1.0388,0.095885,0.49592,1.7675,0.18161,0.7388,0.15303,-1.1756,1.0102,-0.43273,1.3531,1.5103,-0.64703,-0.4613,1.7246,5.0677,0.88166,0.38162,3.0104,1.2817,0.72451,0.56735,-0.47559,0.45306,0.2959,-0.43273,-0.247,0.55307,0.7388,0.6245,-0.64703,-0.43273,-0.21843,-0.84705,-1.1328,-0.56131,0.45306,-0.83276,-0.37558,-0.51845,-0.56131,-1.0471,-0.70418,-0.96134,-0.67561,-0.70418,-0.88991,-0.71847,-0.93277,-0.48988,-0.68989,-0.84705,-0.47559,-0.30415,1.0674,-0.56131,0.55307,-0.93277,0.18161,-0.67561,-0.20414,-0.16128,-0.16128,-0.48988,-0.51845,0.92453,1.7246,-0.075557,-0.56131,1.6817,0.82452,1.8675,1.6817,-0.28986,0.86738,2.7104,0.010164,-0.0041228,-0.38987,-0.63275,-0.032697,-0.14699,-0.44702,0.59593,-0.38987,0.52449,-0.26129,0.49592,0.56735,1.5674,0.69593,0.18161,0.9531,0.35305,0.99596,0.59593,0.36734,0.2959,-0.06127,0.81023,0.78166,0.66736,-0.47559,-0.38987,0.82452,-0.33272,-0.76133,-0.38987,0.038738
-0.71023,-0.5198,-0.59033,-0.41401,-0.42106,-0.23768,-0.20242,-0.28705,-0.019043,-0.23768,-0.15305,0.15728,0.10791,0.32655,1.1165,0.24897,-0.59738,0.24897,0.044433,-0.25179,-0.026096,0.016222,-0.13894,0.086751,-0.20947,1.0601,-0.34348,0.41824,1.8077,-0.28,-0.06991,-0.076949,-0.50631,-0.35849,-0.2318,0.24683,0.50022,0.063824,0.35241,-0.034717,-0.13326,-0.68227,-0.18253,-0.61189,-0.36553,-0.58373,-0.24588,0.5143,1.6827,0.62692,-0.2318,0.53541,0.81696,1.5771,1.8657,1.8657,1.7742,0.53541,0.99293,0.85215,-0.11918,0.34537,-0.055833,0.96477,1.2252,2.7174,2.1191,-0.66116,-0.39369,2.7807,1.7038,4.28,2.8441,1.5701,2.8159,2.4851,1.2956,0.19052,-0.39369,-0.34442,-0.7245,-0.66116,-0.52742,-0.40777,-0.31626,-0.4148,0.84511,1.7672,2.6752,2.1825,1.5279,1.5419,0.97885,1.5349,1.4082,1.5419,1.0492,1.5067,1.7813,-0.14734,-0.06991,-0.6682,0.056786,0.50022,1.3519,-0.21068,0.28202,0.11309,0.57765,1.4152,0.45095,0.67619,0.83808,1.5067,2.2106,2.2599,0.7325,0.42983,-0.034717,-0.60485,0.40872,-0.17549,-0.47111,-0.38665,-0.47111,-0.73154,-0.68227,-0.7245,-0.67523,-0.71747,-0.62596,-0.70339,-0.64004,-0.74562,-0.73858,-0.70339,-0.71043,-0.78785,-0.80193,-0.80897,-0.80897,-0.80897,-0.80897,-0.80897,-0.80897,-0.80897,-0.80897,-0.80897,-0.80897,-0.80897,-0.80897,-0.80897,-0.80897,-0.80897,-0.80193,-0.76674,-0.78785,-0.79489,-0.80897,-0.80897,-0.79489,-0.80897,-0.80897,-0.80897,-0.80193,-0.80193,-0.7597,-0.77378,-0.79489,-0.80193,-0.77378,-0.7597,-0.78081,-0.77378,-0.79489,-0.80897,-0.80897,-0.80897,-0.80897,-0.80897,-0.80193,-0.80897,-0.80897,-0.80193,-0.80897,-0.80897,-0.80193,-0.80897,-0.80897,-0.80897,-0.79489,-0.79489,-0.77378,-0.73858,-0.79489,-0.74562,-0.76674,-0.78081,-0.71747,-0.79489,-0.73154,-0.79489,-0.75266,-0.80193,-0.80193,-0.80193,-0.7597,-0.80193,-0.73154,-0.56965
-0.89024,-1.3871,-0.020703,-0.57969,-1.1387,-1.0766,-0.39336,-0.33125,-0.76602,-0.20703,-0.89024,0.6625,1.2215,1.4699,1.9047,1.7184,4.0785,1.5941,-0.020703,-0.89024,-0.39336,-0.020703,-0.89024,-0.57969,-0.45547,0.60039,-0.33125,-0.95235,-0.082813,-0.95235,0.65761,0.53364,0.71959,0.099749,-0.086203,-0.95398,-0.89199,-0.27215,-1.2019,-1.2019,-0.39612,-0.39612,-0.21017,-0.39612,-0.64406,0.65761,1.7733,2.0213,2.6411,0.16173,-0.33414,-0.45811,-0.024219,0.34769,1.0295,0.78157,2.1452,-0.086203,-0.21017,-0.52009,-1.1399,0.2857,-0.89199,-0.39612,-0.39612,-1.2639,-0.024219,-0.33414,-0.95398,-0.58207,-0.76803,0.16173,0.53364,-0.70604,0.099749,0.84356,0.65761,0.78157,-0.39612,-0.89199,-0.83001,-1.2639,-0.45811,-0.95398,-1.3259,-1.2639,0.90554,-1.016,0.34769,-0.95398,-0.52009,-1.5118,-0.83001,-0.58207,-1.2019,-0.76803,-1.0779,-1.4499,0.78157,0.53364,0.59562,0.71959,-0.024219,0.71959,1.9593,1.2774,0.2857,0.2857,-1.4499,1.1535,-0.45811,0.90554,0.53364,-0.89199,-0.64406,1.2155,3.5709,-0.33414,-0.086203,1.4014,-0.086203,-0.27215,-0.45811,-1.0779,0.53364,0.037765,-0.58207,-0.83001,-0.21017,0.2857,-0.52009,-0.89199,-0.95398,-0.33414,-1.2019,-1.5118,-0.76803,-0.76803,-1.6978,-1.016,-1.3879,-1.6358,-1.7598,-1.3879,-1.5738,-1.5738,-1.5118,-1.5738,-1.3259,-1.5738,-1.2639,-1.5738,-1.6978,-1.3259,-1.4499,-0.52009,-1.0779,-0.95398,-1.6978,-1.0779,-1.2639,-1.5118,-0.52009,-0.14819,-0.33414,-0.76803,0.53364,2.0832,-0.45811,-0.64406,2.1452,0.22372,1.6493,-0.024219,-0.33414,-0.21017,0.2857,-0.83001,-1.0779,-1.1399,-1.5118,-1.2639,-1.1399,-1.3879,-1.2019,-1.2019,-0.95398,-1.1399,-1.016,-0.95398,-0.39612,-1.1399,-1.3879,-0.76803,-0.95398,-0.76803,-1.3259,-0.89199,-0.27215,-0.89199,-0.52009,-0.89199,-0.024219,-0.83001,-0.76803,-0.58207,-1.3879,-1.4499,-0.76803,-0.95398
-1.3991,0.82221,0.9493,1.0543,1.4135,0.38016,0.69512,1.0046,0.85537,0.64539,0.38569,0.21992,0.81669,-0.039784,0.29175,-0.82442,0.83879,-0.33817,-0.27739,-0.8189,-0.41,-0.91836,-1.051,-0.99019,-1.0344,-0.44868,-1.1946,-0.55367,0.32491,-0.39895,0.81705,-0.40165,1.76,1.4236,1.6938,1.1424,1.1259,0.62956,-0.18107,0.10568,0.81705,1.5946,0.69573,0.6461,-0.10938,0.45861,0.53581,0.6847,0.26009,1.1424,1.4016,1.0045,0.44207,0.75088,0.52478,0.16083,0.16634,-0.57259,-0.63877,-1.2288,-0.727,-1.0524,-2.7067,-2.7894,-1.3115,-1.1902,-1.8961,-2.2545,-2.5413,-1.9181,-1.67,-2.1718,-2.7012,-1.4053,-1.2674,-2.2049,-2.4089,-1.9181,-1.3226,-1.8299,-0.62774,-0.93103,-1.0358,-1.4714,-1.4825,-1.0027,-1.3832,-1.3226,-0.95309,-0.96412,-0.66634,-0.74906,-0.55605,-0.93655,-1.0799,-1.488,-1.1406,-1.2012,-1.1185,-1.5431,-1.3281,-1.8189,-0.31893,-0.56156,-0.24173,-0.62774,-1.6093,-1.3446,-0.97515,-1.0082,-1.2233,-0.88692,-0.49539,-0.82626,-0.51193,-0.43473,-0.96412,-1.5266,-1.4714,-1.2012,-0.89243,-1.2729,-0.95861,-0.99721,-0.52296,-1.6755,-1.4549,-1.1682,-0.89795,-0.46782,0.22149,-0.070778,0.34832,0.60199,0.29869,0.49721,1.1093,1.2858,1.0542,0.46964,1.1148,0.21597,-0.087321,-0.50091,-0.50642,-0.87589,-1.2454,-0.89795,-0.75457,-0.2307,-1.0689,-0.35202,-0.20312,0.25457,1.2417,0.34281,0.71779,0.66264,1.2141,0.56338,0.34281,0.70125,0.65713,-0.44025,-0.29687,-0.70494,1.0487,-0.65531,0.30421,0.66816,-1.102,-1.0854,-0.61119,-1.4108,-1.317,-1.1847,-1.9236,-1.5817,-2.1608,-1.477,-0.99721,-0.98618,-0.73803,-0.37959,-0.78214,0.078112,0.061569,-0.63325,-0.17004,0.30421,1.0817,-0.85935,-0.33547,-0.32444,-0.63325,-1.0082,-1.3777,-1.6369,-2.0394,-1.2233,-1.2343,-1.8354,-1.4053,-1.6534,-1.7086,-1.4108,-0.92552,-1.295,-2.1387,-1.5376
-0.86013,0.96598,0.25347,1.1583,1.1795,0.72061,0.65219,0.69466,0.54838,0.072981,-0.22547,-0.15823,0.016358,0.026975,-0.074476,0.27116,0.090676,-0.20424,-0.24906,-0.39534,-0.28092,-0.30215,-0.37765,-0.44017,-0.40596,-0.31866,-0.57465,-0.58055,-0.51567,-0.6879,-0.00073001,-0.13376,-0.39982,-0.31742,-0.26208,-0.19027,-0.043112,0.026347,-0.11139,-0.1526,-0.3492,-0.29976,-0.49283,-0.81187,-0.56464,-0.20793,-0.43514,-0.57053,-0.68237,-0.41395,-0.49754,-0.67295,-0.36451,-0.47517,-0.51284,-0.48223,-0.63175,-0.66353,-0.76125,-0.84483,-0.93313,-1.0497,-1.1957,-1.3322,-1.7089,-1.7066,-1.5912,-1.8349,-1.5571,-1.9032,-1.8373,-2.0351,-2.081,-1.9468,-1.849,-2.0209,-2.0197,-2.0433,-1.7301,-1.8855,-1.8832,-1.6242,-2.0598,-2.0362,-2.1222,-1.6136,-2.1551,-2.3011,-2.2658,-2.3423,-2.3176,-2.3317,-2.3294,-2.34,-2.3564,-2.3459,-2.3812,-2.4094,-2.327,-2.327,-2.4165,-2.4353,-2.4071,-2.3623,-2.3223,-2.453,-2.3482,-2.3741,-2.4848,-2.4542,-2.4918,-2.4459,-2.4612,-2.4801,-2.44,-2.3765,-2.3977,-2.3258,-2.5036,-2.4283,-2.3258,-2.32,-2.3506,-2.254,-2.3517,-2.4965,-2.5142,-2.5001,-2.4247,-2.4907,-2.3435,-2.4188,-2.4742,-2.3894,-2.3105,-2.3753,-2.4071,-2.4035,-2.3788,-2.4259,-2.3965,-2.4082,-2.4424,-2.4824,-2.46,-2.4765,-2.4589,-2.4589,-2.4659,-2.4459,-2.4012,-2.3882,-2.4424,-2.3812,-2.2658,-2.1269,-2.2364,-2.1646,-2.2081,-2.0927,-2.2116,-2.2281,-2.3188,-2.3129,-2.32,-2.3341,-2.2493,-2.3046,-2.307,-2.274,-2.1999,-2.247,-2.2976,-2.2658,-2.4412,-2.2152,-2.3564,-2.3506,-2.4659,-2.4294,-2.4648,-2.5107,-2.4954,-2.4907,-2.4589,-2.4706,-2.4589,-2.4801,-2.4648,-2.4636,-2.44,-2.4542,-2.4859,-2.4754,-2.4542,-2.4495,-2.4636,-2.4424,-2.4047,-2.4259,-2.4165,-2.4377,-2.4353,-2.506,-2.4812,-2.4671,-2.4377,-2.433,-2.3588,-2.3765
1.6091,2.3429,2.8968,2.4007,1.3218,0.65419,0.2594,0.46609,-0.25113,-0.64385,-0.81541,-0.73066,-0.44956,-0.63558,-0.49917,0.19946,0.60251,0.017569,-1.111,-1.0676,-0.88362,-0.99936,-1.2867,-0.85468,-0.80714,-0.24287,-0.33588,0.12092,-0.065109,-1.2123,-0.64888,0.24636,-0.25076,-0.34565,-0.47973,-0.7087,-0.67776,-0.54161,-1.0057,-1.0882,-0.72107,-1.0676,-0.56843,-0.65919,-0.88609,0.11434,0.44851,0.34537,0.30618,0.040084,-0.26727,-0.44879,-0.38072,-0.46942,-0.52099,-0.39928,-0.42404,0.34744,0.11641,0.2773,0.1391,-0.083681,0.35775,0.40313,-0.0011709,-0.50036,-0.65713,-0.82215,-0.59318,-0.97686,-1.0759,-0.1105,-0.78502,-0.95417,-1.5503,-1.6328,-1.4534,-1.1357,-1.3956,-1.2244,-1.0697,-1.2203,-1.08,-1.1192,-1.1357,-0.89228,-0.71282,-1.377,-1.4327,-1.441,-1.3502,-1.4575,-1.5173,-1.4059,-1.4864,-1.5895,-1.4781,-1.8081,-1.0202,-1.1006,-1.3832,-1.6761,-1.6679,-1.8226,-1.8329,-1.7731,-1.4575,-1.7236,-2.0103,-1.8638,-1.7236,-1.7793,-1.8061,-2.3754,-2.46,-2.3672,-1.8123,-1.5462,-1.9649,-1.8638,-1.9567,-1.9402,-1.7855,-1.8267,-1.8123,-2.0928,-2.1423,-2.0866,-1.9464,-1.8102,-1.7545,-1.9814,-1.9464,-2.066,-1.9752,-1.87,-2.2145,-2.0846,-1.9629,-2.1423,-1.9732,-2.132,-2.2083,-2.2269,-2.3197,-2.4703,-2.5301,-2.6436,-2.4002,-2.5817,-2.5281,-2.4682,-2.3651,-2.2702,-1.5936,-1.3358,-1.771,-1.8597,-1.8453,-1.8247,-1.8143,-1.9835,-2.0309,-2.1939,-2.2124,-2.3073,-2.0289,-1.9525,-1.6514,-1.868,-1.802,-1.5214,-1.8102,-1.2842,-1.8247,-1.6287,-1.6246,-1.6411,-1.8123,-1.4534,-2.0247,-2.2413,-2.0557,-2.2908,-2.0165,-2.0969,-2.3672,-2.262,-2.4352,-2.4868,-2.1629,-2.2826,-2.5322,-2.4311,-2.5672,-2.5611,-2.5837,-2.363,-2.1691,-2.3259,-2.2166,-2.3383,-2.2269,-2.5982,-2.5817,-2.5631,-2.229,-2.3135,-1.6761,-1.8742
1.9533,0.69112,2.2427,0.22484,0.59465,1.5594,0.20876,-0.22537,-0.19321,0.36151,-0.30577,-0.27361,-0.49871,-0.58715,-0.048504,0.49014,0.38562,-0.17714,-0.16106,-0.61126,-0.62734,-0.45851,-0.78009,-0.82833,-1.2062,-0.82833,-0.27361,0.18464,-0.28969,-0.52283,-0.92073,-0.78433,-0.68003,-1.1053,-0.69608,-0.89666,-0.75224,-0.59178,-0.30294,-0.51957,-0.56771,-0.43934,0.29879,-0.22271,0.60367,0.42717,-0.92875,-0.7041,-0.34306,-0.54364,-0.0060858,-0.96887,-0.88061,-0.90468,-0.1826,-0.56771,-0.22271,-0.054225,-0.40724,-0.41527,-0.23073,-0.90468,1.3177,1.3017,-0.39922,-1.4342,-0.23073,-0.12643,1.0289,-0.92073,-0.62387,0.51542,-0.014109,0.4753,-0.030155,-0.45538,-0.63189,-0.26283,-0.46341,-0.27887,-0.76829,-0.71212,-1.4342,-1.7391,-1.4823,-0.36713,-1.5706,-1.9878,-1.9798,-1.9718,-1.9397,-1.9236,-1.6428,-1.6749,-1.5385,-1.5786,-1.4743,-1.707,-1.7632,-1.9156,-2.1402,-2.1804,-1.7391,-1.362,-1.5305,-1.8273,-0.76829,-0.9127,-1.0812,-1.2577,-0.41527,-1.1053,-0.0060858,-0.84852,-0.55166,0.6117,-1.2015,0.53949,1.0209,0.58763,1.4942,0.39507,1.4381,1.1493,1.0048,-0.38317,0.017984,-0.78433,-1.009,-0.80038,-0.30294,-0.82445,-1.7953,-1.7471,-1.6268,-1.4262,-1.8434,-1.9477,-1.8193,-2.3007,-2.2847,-2.3569,-2.2526,-2.3087,-2.3248,-2.2606,-1.8033,-1.9878,-1.699,-1.6187,-1.1053,-1.1133,-1.4101,-0.7041,1.3739,1.3418,0.33891,0.24263,0.44321,-0.72015,-0.69608,-0.92875,-0.79236,-0.38317,-0.19864,-0.070271,2.0398,-1.2176,-1.1053,-0.67201,-0.51155,-1.6669,-1.6829,-0.79236,-0.38317,-0.88061,-1.7551,-1.6749,-2.2766,-2.1242,-2.3408,-2.3087,-2.4933,-2.2445,-2.4692,-2.3809,-2.389,-2.0921,-2.1884,-1.8354,-1.4182,-2.0199,-1.707,-1.4743,-1.0651,-1.6749,-1.5786,-1.1213,-1.4503,-0.96887,-1.6268,-2.2526,-1.691,-1.8033,-2.0199,-1.4904,-1.6107,-0.85654,-1.1053,-1.2818
0.25646,1.5201,-0.1507,1.2252,0.71978,0.70574,1.2252,-0.27706,-0.34725,0.1301,0.087984,-0.57189,-0.34725,-0.23494,-0.19282,-0.2209,-0.44553,-0.30514,0.4109,-0.34725,-1.4424,-0.62805,-1.1054,-0.62805,0.6917,-0.38937,1.6885,1.0006,-0.57189,-1.4564,-0.92195,0.37362,0.35969,0.54079,1.2513,0.70796,-0.044301,0.081076,0.61045,1.502,0.20645,1.3209,1.4742,0.903,0.54079,0.51293,3.0066,3.2712,2.4075,0.3179,3.2016,1.0562,-0.60154,0.24825,2.505,-0.39257,1.1398,1.9757,0.59652,-0.10002,1.8642,0.69403,2.1846,1.0423,0.33183,0.88907,0.55473,0.61045,0.63831,0.69403,0.70796,0.93086,1.906,0.79155,0.94479,1.307,1.6413,0.66617,0.499,0.91693,0.3179,0.7219,1.307,0.33183,-0.29506,0.1368,0.48507,0.025353,-0.67119,0.52686,-0.30899,0.011422,1.516,1.3209,2.5468,2.7001,3.0901,1.7388,2.0453,-0.92195,1.7388,1.906,3.5499,1.6553,-0.03037,0.94479,0.053215,-0.43437,-0.71298,1.8224,0.025353,0.12287,0.70796,-0.32292,0.56866,0.025353,-0.01644,-0.42043,0.16466,0.27611,-0.6294,-0.6294,-0.71298,-0.37864,1.0284,-0.68512,-0.90801,0.44328,-0.28113,-0.57367,-0.5876,-0.89408,0.76369,0.1368,-0.086094,0.47114,1.906,-0.23933,0.011422,0.30397,1.2373,1.5717,0.025353,-0.21147,-0.2254,0.039284,-0.43437,-0.29506,0.94479,0.37362,0.74976,0.33183,-0.53188,-0.92195,-0.2254,0.41542,1.5995,0.37362,0.54079,2.4911,2.8672,1.5438,1.2791,0.067146,0.039284,-0.10002,0.29004,0.87514,0.011422,0.053215,-0.28113,-0.11396,-0.16968,0.053215,-0.044301,0.38756,-0.6294,0.35969,2.4075,-0.78264,-0.89408,0.025353,0.067146,-0.47616,-0.94981,-0.96374,-1.0613,-0.6294,-0.97767,-0.54581,-0.82443,-0.03037,-0.29506,-0.49009,0.053215,-0.15575,-0.15575,-1.1866,-0.4483,0.73583,-0.71298,-1.0195,-1.2981,-0.8105,-0.2254,0.38756,-0.6294,-1.2563,-0.72691,-0.97767
0.16762,0.2506,0.66551,1.014,1.4787,0.86466,1.8936,0.21741,0.86466,0.81487,0.66551,-0.71198,-0.74517,-0.081321,-0.38005,-0.33026,0.54934,0.23401,0.018256,0.39997,-1.0439,-1.1103,-0.92773,-1.2597,-0.28048,-1.1767,-0.26388,0.084641,-0.41325,-1.4588,0.50669,1.2148,0.8031,1.116,2.0875,0.77016,0.34202,0.35848,0.25968,1.2806,0.98424,0.98424,0.98424,0.53962,0.062072,0.47375,1.8899,1.6265,2.1369,0.029137,2.7956,0.96777,0.078539,-0.11907,1.7582,-0.0037971,1.116,1.2312,0.49022,0.01267,0.8525,0.53962,1.1818,0.30908,1.5771,1.1654,0.17734,0.16088,0.73723,1.1983,2.0052,2.7298,2.2358,1.5771,2.1699,1.6759,2.3675,1.2148,1.8899,2.1699,1.5441,1.2806,2.1534,1.2477,1.3301,0.55609,0.9019,0.35848,0.98424,2.1699,0.60549,0.8031,1.2642,1.9393,2.7627,2.2687,2.9603,1.5771,2.3016,-0.77776,1.083,2.104,2.3346,1.3136,0.47375,0.58902,1.2477,1.0666,0.8031,1.363,0.24321,0.12794,1.1654,0.53962,1.2477,0.78663,0.9513,0.17734,0.63843,-0.13554,0.17734,0.29261,0.42435,0.49022,2.7462,1.0995,-0.053199,0.9019,0.73723,0.55609,1.4453,0.22674,1.6265,1.9887,2.0217,2.7792,3.7672,0.7537,1.3795,2.2358,2.4992,2.2028,1.3465,1.7253,1.4947,1.2148,0.8525,1.1324,1.5441,1.7088,0.83603,0.40788,0.12794,-0.25081,0.40788,1.2806,2.2193,1.3136,1.0501,3.2732,2.384,1.7088,1.6594,0.81957,0.44082,1.0995,1.5441,1.1324,1.1983,0.55609,1.0007,0.67136,0.67136,0.32555,0.78663,1.2642,-0.020264,0.91837,3.4214,-0.23434,0.40788,2.1863,1.4289,0.88543,-0.41548,-0.58015,-0.87656,-0.71189,-1.387,-1.14,-0.69542,0.045605,-0.18494,0.65489,0.57256,1.1654,0.25968,-0.44841,-0.61309,0.39142,0.16088,-0.69542,-0.67895,-0.9095,0.21028,0.062072,-0.9095,-1.0083,-0.25081,-0.97537
-1.1473,-1.654,-0.97834,-1.7385,-0.091499,2.2312,2.02,1.4288,0.035192,0.49973,-0.21819,0.71088,0.33081,-0.42934,-1.1473,-0.72496,-1.7807,-0.85165,-0.13373,-1.0628,0.20411,-0.13373,-0.17596,0.54196,1.1754,1.3021,0.92203,1.0065,0.71088,-0.85165,-0.65559,-0.23657,-1.326,-1.2841,-1.326,-1.5355,-2.3736,-2.4155,-2.3317,-2.2898,-2.2898,-2.5831,-2.4155,-2.5831,-2.3736,-2.5831,-2.5831,-2.1641,-2.0803,-2.4155,-2.5831,-2.4155,-2.4574,-2.4574,-2.5831,-2.3736,-2.3736,-2.5412,-2.4155,-2.1222,-2.5831,-2.4574,-2.206,-2.4155,-2.4155,-2.5412,-2.5831,-2.5831,-2.5831,-2.5831,-2.5831,-2.5831,-2.5831,-2.5412,-2.5412,-2.5831,-2.5831,-2.5831,-2.5831,-2.5412,-2.5412,-2.5412,-2.5831,-2.5831,-2.5831,-2.5831,-2.5831,-2.5831,-2.5831,-2.5831,-2.5831,-2.5831,-2.5412,-2.5831,-2.5831,-2.4993,-2.4993,-2.4993,-2.4574,-2.5412,-2.4574,-2.4993,-2.5831,-2.5831,-2.5412,-2.5412,-2.5412,-2.5412,-2.5412,-2.5412,-2.5831,-2.5831,-2.5831,-2.5412,-2.5412,-2.5831,-2.5831,-2.5831,-2.5831,-2.5412,-2.5831,-2.5831,-2.5831,-2.5831,-2.5831,-2.5831,-2.5831,-2.5831,-2.5412,-2.5831,-2.5831,-2.5831,-2.5831,-2.5831,-2.5831,-2.5831,-2.5831,-2.5412,-2.5831,-2.4155,-2.5831,-2.5831,-2.5831,-2.5831,-2.5831,-2.5831,-2.5831,-2.5831,-2.5831,-2.5831,-2.5831,-2.5831,-2.5831,-2.5412,-2.4993,-2.5831,-2.5831,-2.5831,-2.5831,-2.5831,-2.5412,-2.5831,-2.5831,-2.5831,-2.5412,-2.5831,-2.5831,-2.5831,-2.5831,-2.5831,-2.5831,-2.5831,-2.5831,-2.5831,-2.5831,-2.5831,-2.5831,-2.5831,-2.5831,-2.5831,-2.5831,-2.5831,-2.5831,-2.5831,-2.5831,-2.5831,-2.5831,-2.5831,-2.5831,-2.5831,-2.5831,-2.5831,-2.5831,-2.5831,-2.5831,-2.5831,-2.5831,-2.5831,-2.5831,-2.5831,-2.5831,-2.5831,-2.5831,-2.5831,-2.5831,-2.5831,-2.5831,-2.5831,-2.5831,-2.5412
0.25691,0.85941,-0.17507,0.14324,1.0186,0.90489,0.06366,-0.90261,-0.038651,0.71163,0.67753,-0.39106,0.086396,-0.18643,-0.43653,-0.50474,-0.41379,-0.43653,0.16597,-0.91398,-0.47063,0.35923,-0.67525,0.1205,1.0186,-0.10686,1.0981,0.48427,-0.69799,-1.6188,-0.14673,0.38341,1.0263,2.6844,1.861,0.84587,-0.045215,0.37213,0.40597,2.2558,0.38341,1.2858,1.579,0.54132,0.33829,0.92483,2.5491,2.5265,2.1769,-0.24825,2.4363,0.80075,0.6654,1.5678,1.5565,-0.16929,2.4476,1.5903,0.23677,0.09014,1.4437,1.1955,1.3535,3.1131,0.80075,2.3686,1.4099,3.9478,2.628,3.9703,1.1053,1.1391,1.861,1.6242,0.89099,0.5526,0.609,0.19166,0.54132,0.22549,1.4211,0.51876,1.6693,0.78947,-0.46256,0.07886,1.2519,0.7218,-9.7036e-05,1.6242,-0.11289,0.12398,1.1279,1.3196,2.5716,2.628,1.8159,0.95867,1.9513,-0.44,1.3422,2.1205,2.3122,0.95867,0.76691,1.6918,0.6654,0.12398,0.13526,1.8949,0.90227,0.56388,1.5452,0.34957,0.86843,0.32701,1.4437,1.1053,1.6693,1.5114,0.5526,-0.079054,0.10142,0.48492,2.9664,-0.3836,0.37213,1.5678,0.29317,0.06758,0.1127,-0.46256,0.95867,1.7482,0.39469,1.6016,2.2671,0.14654,-0.13545,0.20294,1.9851,1.1391,0.24805,0.056301,0.69924,1.5565,0.13526,1.1279,2.143,2.2333,2.504,1.1843,0.07886,0.24805,1.5339,2.0077,2.4025,1.4324,2.3912,3.1469,2.9439,1.9625,2.2445,2.1881,0.96995,0.29317,2.2671,2.4025,1.0376,0.09014,0.23677,0.69924,1.4888,0.85715,0.41725,0.7218,-0.56408,1.658,3.6432,0.20294,0.98123,0.5526,0.12398,-0.056495,-0.46256,0.24805,-0.50768,-0.34976,-0.57536,-0.20313,0.34957,0.07886,-0.16929,0.77819,0.609,1.7595,1.1617,-0.12417,1.1279,1.4099,0.83459,0.56388,-0.48512,-0.27081,0.47365,1.6016,0.23677,0.22549,0.7218,-0.46256
-0.38676,0.63525,0.32263,0.33466,-0.41081,0.10621,-0.014028,-0.68735,-0.13426,0.29859,0.6593,-0.23045,-0.026051,0.16633,-0.014028,0.17835,0.59918,-0.24248,0.51501,0.21442,-0.99997,-0.26652,-0.90378,-0.37474,0.022043,-0.63926,1.1763,0.80358,0.50299,-1.2044,1.7879,2.2532,1.2272,1.8357,2.1339,1.0363,0.46368,0.47561,0.71422,2.1101,0.76194,0.96475,1.442,0.94089,0.96475,1.2869,1.9908,2.3487,2.0027,-0.097037,2.3487,0.77387,1.0721,0.92896,2.456,0.49947,1.1556,0.82159,1.0125,0.75001,0.82159,1.1079,1.4897,1.1914,2.5634,2.3367,1.8118,1.3823,1.8953,1.8714,2.0743,1.8834,1.5135,0.91703,1.0005,1.8714,2.635,0.85738,1.1795,2.2055,1.5493,1.9311,2.7185,1.7283,0.95282,0.85738,1.1318,0.9051,1.7999,3.2196,1.3823,0.73808,1.2391,1.5851,2.5992,2.5038,1.943,1.6567,2.5395,-0.049316,1.6567,2.6708,3.0048,1.7879,1.0363,1.4062,1.3823,0.7858,0.96475,2.3129,1.2511,0.24894,1.3227,1.0483,2.4322,1.5851,0.7858,-0.21634,0.33245,0.58299,0.45175,0.33245,0.16543,0.52333,3.1957,0.61878,0.24894,1.4658,0.53526,0.022265,0.10578,-0.76513,2.0385,1.5613,1.2391,2.7901,4.4961,1.9311,0.5472,1.0483,2.3009,1.8118,1.2511,0.49947,0.41596,1.0721,0.61878,0.71422,1.3346,1.9311,1.3823,0.84545,0.35631,-0.2402,1.9192,1.3465,2.3248,1.5016,2.1339,3.661,3.5178,2.2532,2.9094,1.0244,1.8953,1.4539,1.9192,1.8595,0.46368,0.41596,0.45175,0.84545,0.77387,0.57106,0.95282,1.6806,-0.037386,2.1936,4.3887,0.21315,0.70229,2.0146,0.42789,0.63071,-0.13283,0.29666,-0.39529,-0.4788,-0.59811,0.010335,0.35631,0.65457,-0.40722,0.71422,1.2272,1.3465,0.65457,-0.073176,0.45175,1.9908,0.84545,-0.39529,-0.52652,-0.86057,0.6665,1.6686,0.47561,0.41596,1.0244,-0.15669
-0.57515,-0.15259,-0.63918,-0.55594,-0.74802,-0.56235,-0.42149,-0.77363,-0.15899,-0.12698,0.54527,0.045884,0.55808,0.57729,0.40442,0.72454,1.5312,0.85899,1.6145,1.4032,-0.67759,-0.49832,-0.86326,-0.72881,-0.094969,-0.60716,-0.29344,0.22515,0.39161,-0.40229,0.87651,1.4483,0.94639,0.91463,0.77487,0.70499,0.67958,0.489,0.94004,1.4546,1.1687,1.6071,1.9755,1.588,2.0835,0.94639,1.8929,2.5727,2.6426,1.569,2.4012,0.93368,1.3847,1.0036,1.9374,1.8294,1.4038,1.1306,0.45088,0.40641,0.55888,0.67323,0.13325,0.37465,1.1751,1.264,0.59699,0.68593,1.0353,0.91463,1.264,3.2334,1.3657,1.156,1.2323,1.4673,1.0099,0.48265,0.80028,1.2068,0.86381,1.2894,1.7341,1.156,0.75581,0.57794,0.9718,0.50806,1.137,1.8739,1.2259,0.40006,1.0925,0.83204,1.048,0.79393,0.9591,0.30477,0.81934,0.1269,1.4546,1.9692,1.1497,0.79393,0.78757,1.3403,0.96545,0.53982,0.31748,0.94639,0.60335,0.28571,0.63511,0.45723,1.0607,0.64146,1.6325,1.2196,1.5435,1.5753,1.1941,0.7304,0.88922,0.41277,1.048,-0.24791,-0.18439,0.92733,0.0061947,-0.54649,-0.057332,-0.54014,0.36194,0.83839,1.0544,0.62876,1.1814,0.25395,1.156,0.33018,0.74946,0.92098,-0.10815,-0.25426,-0.2225,-0.23521,0.489,-0.26697,-0.019216,0.044311,0.20948,-0.095448,0.381,1.3276,3.0301,4.2053,3.3731,2.9221,3.1889,2.5155,2.8585,3.0555,2.2106,2.1343,1.8612,0.69864,1.0036,1.6515,1.6833,1.3466,1.912,2.255,1.3276,0.90192,1.9247,1.6579,0.90827,2.7887,4.4404,1.7151,1.9056,4.0656,0.89557,0.52076,-0.3305,-0.60366,-0.73072,-0.50202,-0.56555,-0.3305,-0.16533,0.21583,-0.00015796,0.67323,0.7304,0.15866,-0.37497,-0.17803,-0.24791,-0.35591,0.025253,-0.62272,-0.97847,-1.0293,-0.63543,-0.55919,-0.42579,0.10784,0.57794,0.8511
0.21601,0.29449,-0.23245,-0.19882,0.29449,0.32812,0.83264,-0.84908,-0.44547,-0.23245,-0.80424,-0.6697,-0.84908,-0.42305,-0.25487,-0.64728,-0.53516,-0.32214,0.18237,-0.46789,-0.16518,0.83264,-0.14276,0.56356,1.7296,0.19358,1.8753,0.92233,-0.064279,-0.9612,0.62218,1.056,0.24395,0.27732,1.3119,0.93366,0.52206,0.7223,0.71117,2.3798,1.3008,1.6011,1.7235,1.2118,0.66668,1.7012,2.8804,3.0028,2.6134,0.7668,3.1808,1.2674,1.3564,1.9571,2.0572,0.3107,1.9015,2.9917,1.412,0.93366,2.2797,1.7012,2.391,2.2241,1.7569,2.6468,1.679,2.2018,2.1017,2.5689,1.7457,2.6802,1.946,2.0683,1.5566,2.0238,1.9237,2.0461,2.035,1.857,2.4577,1.5677,3.0918,2.0683,0.98928,0.82242,2.1351,1.4676,1.4009,2.6802,1.1228,1.768,2.1017,2.2352,2.9694,3.3365,3.0918,2.8693,3.1919,0.15496,1.8904,2.4688,4.0707,3.025,1.3341,1.6456,1.5233,0.51094,0.75567,2.8915,1.2229,1.0894,2.6691,0.82242,1.768,1.3119,1.4899,1.5344,1.6679,1.4788,1.3564,1.6567,1.2563,1.6456,3.5034,2.5467,2.213,2.3131,2.5578,1.768,2.2686,1.0783,2.2908,2.5244,1.6011,2.1685,3.5034,2.035,1.4343,2.2797,3.0473,2.9694,2.6802,2.0238,1.8904,1.7012,1.5455,2.213,2.3242,2.6802,1.7902,2.6468,1.4009,0.80017,1.0449,1.9237,2.3353,1.5121,1.8014,2.8359,2.7914,1.8236,2.0906,1.6456,1.0894,1.3675,2.3131,2.1017,1.0115,0.7223,1.0004,0.53318,0.83354,0.91141,0.43307,1.501,1.1673,1.5677,2.213,1.2451,1.768,1.2006,0.84467,0.53318,0.71117,1.3119,0.28845,0.68893,0.29957,0.45531,1.0783,1.3008,0.2217,0.7668,0.52206,0.48869,0.61106,0.62218,1.1228,2.0795,1.1005,0.45531,0.28845,0.46644,1.59,2.4466,1.1561,0.25508,0.52206,-0.023032
0.03664,0.31144,-0.73457,-0.68138,0.91422,-0.14951,1.3752,-1.0537,-0.8764,-0.46863,-0.39772,-0.55728,-0.53955,-0.28248,-0.034276,0.13415,0.37349,0.66601,0.94968,0.5951,-0.65479,-0.3534,-0.59273,-0.04314,0.92308,-0.04314,1.7563,0.45327,-0.10519,-0.92072,0.70327,1.8467,0.6329,0.57133,0.59772,0.052397,-0.47534,0.21951,0.48338,1.574,0.54495,1.0727,2.3129,1.231,0.28108,0.27229,2.2337,1.9962,1.1694,0.67688,2.0754,0.93195,0.47458,0.74725,1.662,0.45699,1.0287,2.3656,0.66809,0.37783,0.39542,0.41301,0.50977,0.42181,-0.58968,0.21072,-0.22906,-0.19388,-0.05315,0.65929,0.76484,2.2249,3.2452,1.8907,1.8731,0.99352,1.4773,1.3893,2.2865,2.3129,3.0605,4.5557,2.4184,2.3129,1.2662,0.97593,3.8257,0.80881,2.0138,3.9312,3.298,2.1194,1.6972,2.1106,1.4333,1.5037,1.3717,0.85279,1.4245,-0.3522,1.2926,1.4509,0.71206,0.54495,0.25469,0.4394,0.28988,0.20192,-0.13231,1.2398,0.12276,0.28108,1.0111,-0.017968,0.30747,-0.05315,0.56254,-0.14111,0.58013,0.87038,0.21951,0.25469,0.38663,0.4482,1.0199,0.33385,0.069988,0.29867,0.78243,0.54495,-0.29943,-0.62486,0.30747,0.28988,0.17553,0.82641,1.275,0.11397,0.16674,0.34265,0.42181,0.46579,0.087579,-0.37858,-0.20267,-0.21147,-0.026763,-0.36099,0.35145,0.94075,0.2371,0.43061,-0.035559,-0.10592,0.79122,1.3629,1.231,0.92316,1.5652,1.2134,1.5388,0.81761,1.7236,1.231,1.7411,0.27229,1.143,1.1342,1.5828,0.54495,0.59772,0.65049,0.54495,-0.10592,0.80002,0.32506,-0.51931,1.1079,1.4509,-0.3434,0.66809,1.1518,-0.44895,-0.29943,-0.81836,-1.0031,-0.97668,-1.2757,-1.3549,-1.0119,-0.87114,-0.70402,-1.0822,-0.86234,-0.37858,0.069988,0.043601,0.69447,1.8203,1.7763,2.6911,1.4773,0.56254,1.961,1.5828,1.9962,2.1457,0.78243,0.57133,-0.5457
2.586,0.33616,1.165,0.36576,2.211,1.767,1.4709,-0.55193,-0.30524,-0.88743,-0.91704,-1.6275,-1.3216,-0.67035,-0.73942,-0.71968,0.22761,0.35589,-0.44339,0.54338,-0.58154,-0.048681,0.48417,-0.5322,-0.068416,-0.61114,-0.058548,0.22761,0.3855,-2.042,1.0575,2.2324,0.71479,1.2043,0.3819,-0.43076,-1.1161,-0.90072,-0.69511,0.21545,0.049004,0.30357,0.18608,0.18608,-0.67553,-0.15661,1.1064,0.68542,0.71479,-0.10765,1.2337,0.50918,-0.74407,0.30357,1.1848,-0.83219,-0.078279,-0.08807,-0.21535,-0.28389,0.54835,0.44064,0.705,1.1554,1.361,1.4687,1.1064,0.039213,1.4393,1.5862,1.4687,2.0268,3.1919,2.1737,1.9778,3.5346,2.7513,1.2729,1.7135,1.8016,0.90082,1.0771,1.2141,0.75396,0.3819,-0.39159,-0.4895,-0.84198,0.20566,1.2631,0.74417,-0.33284,0.57772,0.12733,1.5177,1.4002,1.4589,0.18608,0.85187,-0.99863,0.58751,0.76375,1.0281,0.29378,-0.33284,0.17629,0.41127,0.75396,-0.25452,0.95957,0.61688,0.17629,0.88124,0.019631,1.547,-0.7049,0.039213,-0.73428,-0.85177,-0.4895,-0.15661,-0.53846,-0.80281,0.13712,2.7415,0.40148,-0.78323,0.21545,0.28399,-1.1945,0.42106,-0.94968,0.57772,1.3708,-0.35243,1.7331,2.438,-0.078279,0.058795,0.88124,0.96936,1.5177,0.58751,-0.76365,-0.86156,-0.56783,-1.1357,-0.96926,0.078378,-0.47971,-0.54825,-0.80281,-0.85177,-1.5469,-0.097861,-0.019533,4.9426e-05,-0.22514,-0.078279,1.0869,1.0085,-0.33284,0.26441,-0.28389,0.058795,0.14691,-0.20556,0.71479,-0.039115,-0.69511,-0.91051,-0.68532,-0.73428,-0.76365,-0.50908,0.078378,-1.077,0.54835,1.7918,-1.2728,0.30357,1.2925,-1.2238,-0.50908,-2.0267,-1.4099,-1.2728,-1.5861,-1.4392,-0.58741,-0.43076,-0.11744,-0.66574,-0.26431,-0.44055,-0.43076,-0.029324,-0.50908,-0.10765,1.7918,-0.029324,-0.79302,-1.2238,-0.62658,0.33294,0.98894,0.2742,-0.44055,0.39169,-1.1455
1.0879,0.4378,-0.15815,-0.018833,1.7148,0.66225,1.7226,-0.38259,1.3975,0.60033,0.67773,-0.76957,-0.70766,-0.43677,-0.35164,-0.45225,0.37589,0.95636,0.63129,1.5833,-1.2494,-0.84697,-0.74635,-1.1643,-0.36711,-1.5048,-0.13493,-0.088489,-0.15815,-2.3098,0.61638,3.2274,0.24777,0.63942,0.72389,-0.38963,-0.71216,-0.28979,0.18633,1.0771,0.33224,0.27081,1.2768,0.24777,0.048102,-0.036372,1.5763,1.7299,2.5977,0.46279,2.567,0.48583,-0.45874,0.0097049,1.8681,-0.12085,0.99267,0.99267,0.14026,-0.6968,-0.25908,0.61638,0.9082,-0.31283,-0.082449,0.6087,0.18633,-0.021013,0.33224,0.45511,1.0695,0.9466,0.80837,0.78533,0.48583,0.30152,0.23241,-0.56625,0.4244,1.6301,0.97732,-0.22836,-0.14388,-0.074769,-0.50482,-1.1115,-1.219,-1.9332,-0.38963,0.36296,-0.05941,0.086499,0.6087,1.0157,2.375,2.0601,1.9142,0.74693,1.5994,-0.41267,0.985,1.2615,1.4304,-0.013333,-0.082449,0.48583,-0.19764,-0.65841,-0.39731,1.5379,-0.213,-0.87343,0.80837,0.3476,0.70086,0.040423,-0.25908,-0.83503,-1.219,-1.0424,0.49351,0.11722,-0.93487,0.10954,2.7052,0.040423,-0.95791,0.19401,-0.45106,-0.91183,0.26313,-1.4033,0.0020254,0.41672,-0.213,0.75461,1.776,-0.92719,-0.090128,-0.35123,0.20169,0.85444,-0.16692,-0.80432,-0.57393,-0.66609,-1.1499,-1.5031,-0.42034,-0.36659,-0.29747,-0.34355,-0.62769,-1.2113,-0.25908,0.96964,2.8127,1.2538,0.40904,2.5516,2.2291,1.0388,1.8297,0.73157,-0.42034,-0.5125,-0.05941,-0.213,-0.12085,0.24777,-0.18228,-1.0808,-0.58161,-0.87343,0.24009,-0.58161,-1.3803,0.84677,1.7529,-1.0961,0.90052,1.0618,-0.74288,-0.097807,-1.1883,-1.6567,-0.83503,-1.2267,-1.3956,-0.46642,-0.86575,-0.96559,-1.4571,-0.59697,-0.94255,-1.0577,-0.93487,-0.64305,-0.4357,0.96964,-0.021013,-0.24372,-1.4801,-0.81968,-0.48946,0.6855,-0.036372,-0.91951,-1.1883,-2.1636
0.8149,0.44387,1.021,-0.019926,1.1756,0.26866,0.78398,-0.19514,0.29958,0.13467,0.05222,-0.49402,0.70153,0.77367,0.27896,0.63969,0.76337,-0.43219,-0.51464,1.7322,-0.66923,-1.401,-0.84444,-0.74138,-1.1433,-1.535,-0.85475,-0.56617,1.289,-1.7617,-0.058424,1.813,0.61652,1.2403,0.94376,1.2915,0.23814,0.22792,0.094972,0.80059,0.54493,0.62674,0.59607,0.91308,0.1461,0.4529,0.93354,0.91308,1.3426,0.66765,0.52448,0.89263,-0.0072916,-0.51861,0.78014,0.27905,0.21769,0.033614,0.16656,-0.13001,-0.078876,0.054067,0.07452,-0.61065,1.0972,1.404,1.3324,0.95399,1.3324,2.4573,1.1074,2.263,1.8641,0.81082,1.046,2.2221,1.3324,0.16656,1.4653,0.78014,0.42222,0.56539,1.6494,1.5267,1.4653,-0.15046,0.19724,-1.6026,-0.037971,1.1176,0.91308,0.04384,-0.35499,-0.089103,0.87218,0.65742,0.61652,0.04384,0.61652,-0.79472,-0.31408,0.33018,0.46312,0.16656,-0.40612,-0.34476,1.0256,0.1461,-0.15046,-0.06865,0.1052,-1.1015,0.4529,0.91308,1.2506,-0.35499,-0.16069,-0.40612,-0.50838,-0.80495,0.46312,0.0029348,-0.89699,-0.4368,1.4551,0.23814,-0.69246,-0.21182,-0.45725,-1.5106,-0.36522,-0.74359,0.44267,-0.2425,-0.88676,1.179,2.3448,0.1052,-0.61065,-0.44703,0.55516,0.4938,-0.98903,-1.2242,-1.531,-1.3776,-1.7151,-1.3981,0.064293,-0.42657,-0.66178,-1.3163,-1.3265,-1.3981,-1.1936,-0.17091,0.26882,-0.45725,-0.68223,0.89263,0.50403,-0.20159,-0.23227,-0.31408,-0.70269,0.013161,-0.15046,0.19724,-0.48793,-0.51861,-1.0606,-1.1936,-1.2958,-1.3674,-0.72314,0.38131,-1.2856,0.25859,0.55516,-1.4594,-0.88676,0.18701,-1.122,-1.1424,-1.5822,-1.8276,-2.0935,-2.0832,-1.7765,-1.6742,-1.5617,-1.0606,-1.664,-1.0299,-1.5003,-1.0708,-1.3572,-1.5924,-1.0811,-0.64133,-1.4901,-1.6026,-1.981,-1.5822,-1.5413,-0.73337,-1.5719,-1.6537,-1.5208,-1.5413
-0.083243,0.6206,0.71535,-0.35395,0.49202,0.27545,0.025041,-0.76002,0.23484,0.52585,0.10625,-0.24567,-0.64497,0.15363,-0.50961,-0.23213,0.64767,0.14009,0.50555,1.3921,-0.22537,-0.65173,-0.38779,-0.61113,-0.090011,-0.37426,0.36343,0.14686,0.49202,-1.6669,0.74339,2.9057,0.87769,1.1262,1.8245,1.3075,0.50165,0.32034,0.79711,1.5694,0.58894,0.85083,0.86426,0.91799,0.57551,0.58223,1.4418,1.012,1.1799,0.23304,1.4686,0.31362,-0.028851,0.10545,1.3276,0.38749,0.53522,0.4815,0.55537,-0.33103,0.078591,0.018155,0.50836,-0.14972,0.97842,1.791,1.6298,1.2269,1.7171,1.4619,1.9185,1.3746,1.4619,0.81054,1.4753,1.6969,1.7238,-0.10272,0.95156,1.8312,1.7171,1.8514,1.6902,1.4955,1.4082,0.68296,0.4815,-0.65336,1.0791,0.97842,1.6231,1.3478,1.1664,1.0993,1.838,1.7708,1.7171,0.81054,0.93813,0.02487,0.79711,1.0724,1.0389,0.62923,-0.13629,0.3942,0.32034,0.28005,0.46807,1.1329,0.15917,-0.10943,1.1866,1.6029,2.026,0.65609,0.58223,0.60237,0.91127,0.33377,2.3215,1.932,0.70982,1.3746,2.8049,2.1804,1.4082,2.0528,0.77025,0.045015,1.1396,0.15917,1.059,0.85755,-0.15644,1.3478,1.5492,0.66953,0.078591,-0.096003,0.75011,0.65609,0.23975,-0.88839,-1.0294,-1.157,-1.3719,-1.2644,0.065161,-0.30417,-0.53249,-0.49891,-0.78095,-1.3182,-0.92868,-0.61307,0.2599,-0.29074,-0.14972,0.75011,0.28005,0.14574,0.1256,-0.51906,-0.85482,-0.61307,0.1256,-0.56606,-1.0227,-0.72723,-0.6265,-1.0428,-0.87496,-1.063,-0.68694,-0.26388,-1.4525,0.19946,-0.33775,-1.2241,-0.015421,-0.4049,-1.1503,-0.77423,-1.2846,-1.3182,-0.99583,-1.5465,-1.5599,-0.81452,-0.43176,-0.89511,-1.4323,-0.86153,-1.4592,-1.2376,-1.1301,-1.3517,-0.55935,0.13903,-0.95554,-1.6539,-1.2174,-1.3585,-0.70708,0.23975,-0.29074,-1.3719,-1.1704,-1.3987
-0.7485,0.79568,1.9216,0.087932,-0.040749,0.63483,-0.41071,-0.55548,-0.23377,0.2327,0.0075064,-0.61982,0.16836,0.92436,0.31313,0.47398,0.73134,-0.39462,0.31313,1.0691,-0.2016,-0.73241,-1.0863,-0.70024,0.26487,-0.55548,-0.07292,-0.12118,0.31313,-1.7779,0.5189,1.0616,0.31142,0.55083,1.7319,1.668,0.072019,-0.18334,0.72639,1.3967,0.50294,0.66255,0.16778,0.1997,-0.055662,0.47102,1.1094,1.4765,1.1094,-0.34295,1.7957,-0.087583,0.26354,0.83811,1.5882,0.1199,0.45506,0.79023,-0.85367,-0.29507,0.50294,0.39122,0.50294,-0.40679,-0.32699,0.1199,-0.26314,0.13586,-0.10354,1.4286,1.4765,0.72639,2.3862,0.2795,0.87003,3.7269,2.2426,0.48698,1.0775,0.77427,1.668,1.5723,2.1309,2.4341,1.8117,-0.071622,-0.10354,-1.1888,1.3967,2.9449,2.2745,0.48698,0.087979,0.37526,1.4286,1.5084,1.2531,0.64659,1.285,-0.37487,0.75831,1.6361,1.4446,0.85407,0.15182,0.15182,1.4286,0.50294,0.18374,1.3648,-0.1993,-0.21526,0.34334,0.13586,1.668,-0.23122,0.45506,0.056059,0.42314,-0.10354,0.47102,1.285,0.024139,-0.10354,1.7638,1.9234,0.5189,0.67851,0.83811,-0.087583,-0.10354,-0.59831,2.1947,0.88599,-0.43871,2.1149,3.9184,1.5244,-0.23122,0.056059,1.3967,1.301,0.26354,-0.88559,-1.1569,-0.99731,-1.4123,-0.75791,0.69447,0.16778,0.82215,-0.82175,-1.0452,-1.54,-0.087583,0.31142,0.55083,0.1199,0.10394,2.3862,1.269,0.15182,0.1997,-0.48659,-0.80579,0.40718,0.66255,1.8276,-0.93347,-0.58235,-0.56639,-0.82175,-0.72599,-1.7315,-1.109,2.4501,0.37526,-0.29507,1.3488,0.3593,-0.64619,0.40718,0.15182,0.72639,-0.13546,-0.88559,-1.2367,-1.508,-0.61427,-0.77387,-0.40679,0.087979,-0.90155,-0.93347,-0.77387,-0.43871,-0.74195,-1.141,-0.78983,-0.24718,-0.63023,-0.93347,-0.78983,-0.67811,-0.74195,-0.39083,-0.85367,-1.2686,-0.43871,-0.0077817
0.048257,0.56631,1.2689,0.53083,0.8005,0.90695,0.66566,0.12632,0.42438,0.84308,0.31793,-0.51238,-0.20722,0.65147,-0.12916,-0.079482,0.06245,-0.28528,-0.16464,0.47405,-0.71818,-0.96656,-1.0091,-0.51947,0.24696,-1.1085,0.10503,-0.21432,-0.15045,-1.9743,0.096927,1.8784,0.16734,0.71658,1.9207,1.7094,0.37154,0.54758,0.81516,2.1037,0.60391,0.83628,1.4418,1.1179,0.019471,0.66729,2.1037,1.9488,2.0685,-0.093193,2.491,0.76587,-0.086151,0.49829,2.0826,-0.14248,1.4911,1.3573,0.41379,-0.19177,0.84332,1.0123,1.8573,0.30113,-0.10023,0.85036,0.5335,0.64616,0.87853,1.6179,1.6813,1.6038,2.3995,1.6672,1.5193,3.2163,2.6671,0.618,1.6953,1.7305,1.9488,1.6531,2.4277,2.3361,1.8432,0.70249,0.48421,-0.086151,1.463,2.1037,2.3079,0.87149,1.4771,1.8925,2.7375,2.7234,3.0051,2.0052,2.491,-0.036861,1.2095,2.0263,2.0333,1.2165,0.39267,0.5335,1.1179,0.44196,0.12509,1.97,0.51941,0.026512,1.0968,0.56166,1.4418,0.28705,0.76587,0.35746,0.5335,0.39267,1.3714,1.2588,0.81516,0.85741,2.6811,1.8714,0.45604,1.4278,1.0334,0.66024,1.0898,0.31521,1.808,1.4207,0.63208,3.0262,4.1669,1.977,1.1954,1.1531,2.322,1.639,0.70249,0.026512,0.47012,0.068761,-0.42414,-0.61426,0.84332,0.55462,0.55462,0.35746,-0.59314,-0.76917,0.28001,0.9419,1.8291,0.92782,0.80107,3.8852,2.8008,1.4278,2.0545,0.3645,-0.2129,0.93486,1.3151,1.5052,0.25184,0.58279,0.20255,0.17438,0.082844,-0.6213,0.20959,1.9911,0.13213,1.0405,2.315,0.37154,0.63208,1.6038,1.0123,0.72362,0.32225,0.06172,-0.34669,-0.71284,-0.27627,-0.086151,-0.029819,0.3293,-0.77621,0.20255,-0.31148,0.33634,-0.10728,-0.36077,0.14622,0.83628,-0.0086949,-0.60018,-0.74101,-0.55793,-0.2129,1.0264,-0.38189,-0.80438,-0.31852,-0.67059
1.9954,1.5518,0.40779,-0.54943,2.4506,1.5868,2.5791,-0.61947,-0.16421,-0.67784,-0.77122,-0.91131,-0.5611,-0.7362,-0.63114,-0.54943,-0.71286,-0.059145,-0.79457,0.33775,-0.75955,-0.30429,-0.25759,-0.094166,0.66461,-0.23425,0.47783,0.022569,-0.40935,-2.2771,-0.99108,1.3718,0.6305,0.34093,1.0127,-0.5741,-0.87525,-0.5741,-0.74784,0.80424,-0.2382,0.54942,0.92007,0.44518,-0.44669,-0.48144,0.8969,1.2675,1.0591,-0.0065495,1.337,0.30618,-0.84051,0.34093,1.0243,-0.58569,-0.20346,0.87374,0.49151,-0.40036,0.54942,0.52626,0.50309,0.2946,0.51467,1.1865,0.72316,0.60733,0.59575,0.87374,0.43359,0.67683,1.5455,1.117,0.51467,1.1865,1.1633,-0.27295,0.24827,1.0706,0.086112,0.44518,0.72316,0.90849,0.44518,-0.029715,-0.27295,-0.92158,-0.076046,0.2946,0.21352,-0.064463,0.23669,0.43359,1.0938,0.83899,1.2328,0.65367,0.83899,-0.74784,0.30618,0.2251,0.561,0.19036,-0.064463,-0.29612,0.24827,-0.72468,-0.80576,0.59575,-0.041298,-0.21504,0.51467,-0.2382,0.8969,-0.63202,-0.05288,-0.24979,0.086112,-0.064463,1.1401,1.0359,0.71158,1.0127,2.2984,2.1131,0.32935,1.1401,1.9162,1.0706,1.3486,0.61892,1.6729,2.171,1.0127,1.8235,3.0976,1.2675,0.85057,0.42201,1.0475,1.4529,1.256,0.12086,-0.22662,-0.20346,-0.74784,-0.86367,0.64208,0.27144,-0.20346,0.07453,-0.67835,-0.7131,-0.38878,-0.029715,0.561,0.38726,-0.19187,1.3023,0.97798,0.41043,0.72316,-0.029715,0.028199,-0.60885,0.42201,0.34093,-0.19187,-0.48144,-0.13396,-0.80576,-1.1764,-0.77101,0.15561,-0.31928,-1.3154,0.30618,0.78108,-1.1648,-0.40036,0.61892,-1.3733,-0.59727,3.503,-1.5007,-1.3617,-2.0335,-1.9524,-1.327,-1.3501,-1.1185,-1.7324,-1.4428,-1.4544,-1.4196,-1.3849,-1.6629,-0.81734,-0.72468,-1.3154,-1.3386,-2.1609,-0.80576,-0.7131,-1.0722,-1.0374,-2.1609,-1.744,-1.6281
0.35134,0.27526,-0.59936,-0.7046,-0.025527,0.040602,0.61515,-0.46924,0.022825,0.57817,1.0965,1.1129,0.97708,0.85336,0.72323,0.26032,0.40467,0.39756,0.31365,0.00078218,-0.92645,-0.75793,-0.95632,-0.96698,-0.76575,-0.97054,-0.68327,-0.38462,0.35063,-0.16348,0.99727,2.39,3.4653,2.6045,3.1386,0.71364,0.83922,0.65861,0.65508,0.6706,0.48151,0.83429,0.79689,0.85757,0.82864,1.0417,0.95141,0.89285,0.58452,0.58593,0.55489,0.39896,0.55348,-0.36514,0.16755,0.35452,0.327,-0.17747,-0.41523,-0.075161,-0.77859,-0.75601,-0.77294,-0.26919,1.0438,1.276,1.3973,1.4784,1.8242,1.4799,1.0946,1.5709,1.2245,1.3176,1.1123,-0.11538,0.43424,-0.22756,0.73622,0.41449,0.025026,0.9627,0.9253,1.5194,0.64449,2.0633,2.1593,3.0419,2.7364,2.3625,0.97328,0.1104,0.43636,0.327,0.1358,0.20212,0.32559,0.61768,0.73269,0.47516,0.73057,0.70023,0.53443,0.64943,0.4921,0.6198,1.1066,0.27691,0.73833,0.27832,0.17531,-0.35315,0.77643,0.51115,2.0104,1.6372,1.6598,2.0506,2.5967,2.7858,1.7021,2.4366,2.4309,2.3893,1.93,-0.3856,-0.56904,0.037726,-0.31434,-0.81104,-0.44698,-0.66711,1.0925,0.938,2.3646,1.7924,2.0746,1.1052,2.4415,2.1304,0.75668,0.99868,0.1104,1.5836,2.1304,1.6767,1.9244,0.95211,0.10264,-0.090683,-0.13302,-0.91476,-0.24873,-0.58245,-0.2325,-0.23038,-0.65371,-0.75248,-0.79764,-0.7038,-0.71438,-0.76307,-0.75248,-0.13302,0.20423,-0.037062,0.038432,-0.41594,0.81453,0.71858,0.67836,0.71434,0.70164,0.82229,0.55136,-0.49143,-0.039884,-0.42511,-0.22191,-0.82445,-0.7292,-0.036356,0.16402,-0.51683,-0.92464,-0.90488,-0.90065,-0.93663,-0.94933,-0.87666,-0.65441,-0.34045,-0.30164,0.070887,0.099814,-0.26919,0.1492,-0.7927,-0.82092,-0.82163,-0.83785,-0.68122,-0.95991,-0.6269,-0.4752,-0.8689,-0.82092,-0.78071,-0.36937,-0.76659
-1.1102e-16,-1.1102e-16,-1.1102e-16,-1.1102e-16,-1.1102e-16,-1.1102e-16,-1.1102e-16,-1.1102e-16,-1.1102e-16,-1.1102e-16,-1.1102e-16,-1.1102e-16,-1.1102e-16,-1.1102e-16,-1.1102e-16,-1.1102e-16,-1.1102e-16,-1.1102e-16,-1.1102e-16,-1.1102e-16,-1.1102e-16,-1.1102e-16,-1.1102e-16,-1.1102e-16,-1.1102e-16,-1.1102e-16,-1.1102e-16,-1.1102e-16,-1.1102e-16,-1.1102e-16,0.16121,0.41645,0.57766,0.7926,1.2494,1.4106,1.1956,1.2225,0.7926,0.65826,0.53736,0.47019,0.90007,2.5793,2.6196,2.2569,2.3912,1.8808,1.7598,1.6255,0.72543,1.1285,1.1016,2.0688,1.8942,2.7002,1.8673,1.7733,2.2972,2.0823,2.2166,1.6792,1.9882,1.5852,2.3778,2.23,2.6331,2.2435,2.2032,2.6734,2.2166,1.8673,2.0957,1.7867,2.4718,3.2241,2.2435,5.1721,4.1645,1.2225,0.61796,0.44332,0.52392,0.8329,0.72543,0.73887,0.6717,0.76573,2.8614,2.8883,1.9211,1.9345,2.23,2.754,1.5718,2.4718,3.0898,1.9345,2.2032,1.6255,2.0554,0.84634,0.85977,0.7926,0.7926,1.4374,0.77917,1.5583,1.9345,1.4374,1.8808,1.7464,1.6389,1.6389,1.4643,0.68513,0.13434,0.25524,0.28211,0.8329,0.094038,-1.1102e-16,-1.1102e-16,-1.1102e-16,0.013434,0.013434,-1.1102e-16,-1.1102e-16,-1.1102e-16,-1.1102e-16,0.013434,-1.1102e-16,-1.1102e-16,-1.1102e-16,-1.1102e-16,-1.1102e-16,-1.1102e-16,-1.1102e-16,0.06717,0.040302,0.013434,-1.1102e-16,0.013434,-1.1102e-16,-1.1102e-16,0.026868,-1.1102e-16,-1.1102e-16,-1.1102e-16,-1.1102e-16,-1.1102e-16,-1.1102e-16,-1.1102e-16,-1.1102e-16,-1.1102e-16,-1.1102e-16,-1.1102e-16,-1.1102e-16,-1.1102e-16,-1.1102e-16,-1.1102e-16,-1.1102e-16,-1.1102e-16,-1.1102e-16,-1.1102e-16,-1.1102e-16,-1.1102e-16,-1.1102e-16,-1.1102e-16,-1.1102e-16,-1.1102e-16,-1.1102e-16,-1.1102e-16,-1.1102e-16,-1.1102e-16,-1.1102e-16,-1.1102e-16,-1.1102e-16,-1.1102e-16,-1.1102e-16,-1.1102e-16,-1.1102e-16,-1.1102e-16,-1.1102e-16,-1.1102e-16,-1.1102e-16,-1.1102e-16,-1.1102e-16,-1.1102e-16,-1.1102e-16,-1.1102e-16,-1.1102e-16,-1.1102e-16,-1.1102e-16,-1.1102e-16,-1.1102e-16,-1.1102e-16,-1.1102e-16,-1.1102e-16,-1.1102e-16,-1.1102e-16,-1.1102e-16,-1.1102e-16,-1.1102e-16,-1.1102e-16,-1.1102e-16,-1.1102e-16,-1.1102e-16,-1.1102e-16,0.040302
-1.492,0.67852,-1.492,-0.90534,0.61985,0.50253,0.15056,-0.31873,0.91316,2.2037,-0.90534,1.9691,-1.6093,-1.14,-1.1986,-1.6093,-0.43605,2.9076,-1.0813,-1.1986,-0.72936,-0.90534,0.8545,1.6758,0.44387,-0.43605,0.61985,3.0836,0.033241,-1.1986,-0.37803,-1.844,-1.9026,-1.844,-1.4921,-1.7853,-0.67122,-0.90577,-0.43667,-1.7267,-1.2576,-1.1403,-1.4921,-1.1403,-0.55394,-1.1403,-1.844,0.20835,0.912,1.9088,1.0879,0.32562,-0.37803,0.50154,-0.26075,-0.67122,-0.26075,-1.7853,-0.78849,-1.6094,-1.4335,-1.2576,-1.6094,-1.844,-1.9612,-1.7853,-1.9612,-1.9612,-1.9612,-1.9612,-1.9026,-1.9612,-1.9612,-1.9612,-1.9612,-1.9612,-1.9026,-1.9612,-1.9612,-1.9612,-1.9612,-1.9026,-1.9612,-1.9612,-1.9612,-1.9612,-1.9612,-1.9612,-1.9612,-1.9612,-1.9612,-1.9612,-1.9612,-1.9026,-1.9612,-1.9612,-1.9612,-1.9612,-1.9612,-1.9612,-1.9612,-1.9612,-1.9612,-1.9612,-1.9612,-1.9612,-1.9612,-1.9612,-1.9612,-1.9612,-1.9612,-1.9612,-1.9612,-1.9612,-1.9612,-1.9612,2.202,-1.6094,-1.9612,-1.9612,-1.9612,-1.9026,-1.844,-1.9612,-1.9026,-1.844,-1.9612,-1.9612,-1.9612,-1.9612,-1.9612,-1.9612,-1.9612,-1.9612,-1.9612,-1.9612,-1.9612,-1.9612,-1.9612,-1.9612,-1.9612,-1.9612,-1.9612,-1.9612,-1.9612,-1.9612,-1.9612,-1.9612,-1.9612,-1.9612,-1.9612,-1.9612,-1.9612,-1.9612,-1.9612,-1.9612,-1.844,-1.6681,-1.844,-0.84713,-1.9026,-1.9612,-1.9612,-1.9612,-1.9612,-1.9612,-1.9612,-1.9612,-1.9612,-1.9612,-1.9612,-1.9612,-1.9612,-1.9612,-1.9612,-1.9612,-1.9612,-1.9612,-1.9612,-1.9612,-1.9612,-1.9612,-1.9612,-1.9612,-1.9612,-1.9612,-1.9612,-1.9612,-1.9612,-1.9612,-1.9612,-1.9612,-1.9612,-1.9612,-1.9612,-1.9612,-1.9612,-1.9612,-1.9612,-1.9612,-1.9612,-1.9612,-1.9612,-1.9612,-1.9612,-1.9612,-1.9612,-1.9612,-1.9612,-1.9026
-2.1704,0.1175,0.85668,1.968,0.32869,3.0843,1.1886,3.7732,0.44937,-0.58648,0.65554,-0.48089,-1.0189,-0.3954,0.71085,0.016929,0.20298,2.0534,-0.27472,-0.79265,-0.81276,-1.1949,-1.2553,-0.97367,-0.89322,-0.5362,-1.919,-0.59151,-0.19427,-1.3156,-1.1051,-1.5675,-1.5323,-0.024401,0.00073092,-0.53207,0.93062,1.2925,-0.12996,-0.089744,-0.52704,-0.9191,-0.47175,-0.50191,-0.4617,-0.59238,0.01581,-0.36117,-0.094771,-0.43154,-0.56725,-0.79344,-0.54212,-0.85878,-0.22546,-0.40641,-1.1252,-0.77334,-0.86381,-0.78339,-0.34609,-1.0297,-1.286,-1.3413,-0.33101,-0.70799,-0.7281,0.40787,-1.0498,-0.4617,-0.85376,-0.70297,-1.1905,-1.663,-1.3514,0.32745,0.88035,0.45311,0.51342,0.7949,-0.26567,-0.37625,0.39782,0.030889,0.5285,0.38776,0.00073092,0.040942,0.050995,0.11634,-0.089744,-0.23048,0.5084,0.64914,0.83511,0.55364,0.33247,-0.03948,-0.074665,0.18671,1.0362,0.15152,2.8004,1.5288,0.53856,0.020837,0.34253,-0.079692,0.025863,0.37771,0.68432,0.71448,0.55866,0.43803,0.27216,0.17666,-0.16514,0.60893,0.14147,0.55866,0.4129,0.45311,0.23697,0.242,0.091206,0.5285,0.035916,1.001,0.78485,0.73961,0.25708,-0.12493,0.17163,0.27718,-0.099797,0.35761,0.51342,0.33247,0.16158,0.13142,0.18168,-0.15509,-0.34106,-1.0649,-0.7281,-0.68789,-0.85878,-0.83365,-0.41143,-1.2006,-0.97942,-0.61752,-0.70297,-1.0598,-1.095,-0.37625,-0.34609,-1.0046,-0.4818,-0.37625,-0.93418,-0.90402,-0.76328,-0.91407,-1.1805,-0.79847,-0.84371,-0.99952,-0.63762,-1.1453,-2.2159,-1.5826,-2.0249,-2.0701,-2.04,-2.2863,-2.241,-2.3516,-2.1003,-2.1958,-1.8188,-1.3162,-1.2207,-0.99952,-0.73312,-1.1051,-1.5524,-1.7535,-1.7686,-1.462,-1.1101,-1.1151,-1.2609,-1.3614,-1.5876,-1.2408,-1.1051,-1.8339,-1.8741,-2.1858,-1.9646,-1.7937,-2.3416,-1.1252,-1.1151,-1.8641,-1.9495,-2.241,-1.5977,-2.1908
-0.47418,-0.4681,-0.41945,-0.43846,-0.48102,-0.4681,-0.48026,0.24948,-0.031774,0.067805,-0.24006,-0.34116,-0.37992,-0.40425,-0.38372,-0.41945,-0.44682,-0.47874,-0.48634,-0.48634,-0.4681,0.37643,1.2187,1.0074,0.78083,0.92374,0.73066,0.90245,0.94806,0.59079,0.89049,0.72332,0.72332,0.7294,0.62606,0.37532,0.56072,0.9642,1.2279,0.64126,0.66558,0.48473,0.4361,0.4627,0.43003,0.55844,0.53108,0.67849,0.67318,0.43534,0.28945,0.25982,0.17396,-0.019042,-0.11706,-0.2432,-0.33438,-0.36553,-0.37465,-0.25915,-0.34654,-0.39744,-0.44759,-0.46887,-0.46127,-0.47495,-0.48179,-0.47267,-0.48483,-0.48255,-0.48331,-0.47723,-0.47495,-0.47419,-0.46963,3.0918,4.2916,5.0149,4.4648,3.6168,2.7909,2.5059,2.0888,1.7149,1.7111,1.6807,1.6002,1.4186,1.5326,1.5865,1.4178,1.4657,1.4627,1.4429,1.2757,1.4391,1.2423,1.2469,1.2165,1.0599,1.3373,1.1321,1.5652,2.0249,1.4231,1.4155,1.351,1.6671,1.5804,1.5067,1.1937,1.8122,2.0485,1.9102,2.3084,2.0477,1.5987,1.2659,0.93304,0.77879,0.84414,0.78107,0.14584,0.088855,0.0037529,-0.082109,-0.20596,-0.26295,-0.18621,-0.28043,-0.32374,-0.42404,-0.4134,-0.43772,-0.012204,1.4148,1.7544,1.2909,0.80387,0.40419,-0.022082,-0.2356,-0.30854,-0.39592,-0.45443,-0.46279,-0.46887,-0.48179,-0.47419,-0.44835,-0.19001,-0.12466,-0.091987,-0.11706,-0.065393,0.083536,0.11241,0.062261,0.025788,0.034147,-0.07983,-0.12998,-0.20292,-0.30322,-0.38073,-0.32906,-0.26751,-0.3397,-0.40656,-0.37921,-0.46507,-0.45139,-0.46431,-0.48027,-0.48635,-0.47875,-0.48103,-0.48787,-0.48787,-0.48787,-0.48407,-0.25839,-0.21204,-0.41416,-0.39592,-0.43924,-0.46659,-0.47495,-0.48179,-0.47875,0.58123,0.31757,-0.22572,-0.24852,-0.26143,-0.28499,-0.30398,-0.39289,-0.34274,-0.36629,-0.39896,-0.39137,-0.38149,-0.3359,-0.25155,-0.38757,-0.41188,-0.46659,-0.47723,-0.47343
-1.1817,-0.72386,-0.62281,1.0192,-0.48071,0.093995,1.1045,4.4485,3.8896,4.038,1.3792,0.975,-0.56597,-0.64176,-0.71123,-0.49966,-1.1596,-1.3996,-1.5954,-1.7912,-1.5543,-0.31335,0.27083,-0.27546,-0.52808,-0.32914,-0.62597,-0.43966,-0.65439,-1.1249,0.39287,0.99575,0.46231,0.59803,0.067751,0.2382,-0.14373,-0.12479,-0.48463,-0.67086,-1.0812,-1.3211,-1.4,-1.3558,-1.2643,-1.4221,-1.4568,-1.198,-1.157,-1.5357,-1.5957,-1.4852,-1.662,-1.6872,-1.6935,-1.8608,-1.8198,-1.9271,-1.9082,-1.5136,-1.0307,-1.7756,-1.9461,-1.9776,-1.8987,-1.9461,-1.9555,-2.0029,-2.0629,-2.0597,-1.905,-1.4726,-1.8293,-1.9366,-1.7346,-0.18477,0.93262,1.5513,0.62644,0.73692,-0.43097,-0.90444,-1.0686,-1.359,-1.2832,-1.3242,-1.3274,-1.2295,-1.3337,-1.3179,-1.4063,-1.3116,-1.4663,-1.4379,-1.3242,-1.4978,-1.3211,-1.4158,-1.5768,-1.602,-1.4852,-1.6399,-1.1759,-1.1601,-0.81921,-1.1727,-1.2075,-1.2232,-1.3527,-1.3811,-1.4758,-0.64876,-0.36468,-0.52566,-0.38678,-0.371,-0.72452,-0.06482,-0.45306,-1.1948,-0.70242,-0.97072,-1.3211,-1.2201,-1.1601,-1.1128,-1.0307,-0.8634,-1.0054,-1.1317,-1.2769,-1.3747,-1.8892,-1.6588,-1.3905,-1.0528,-1.3621,-1.5578,-1.4347,-1.4758,-1.4663,-1.5231,-1.6115,-1.9271,-2.0408,-1.9082,-2.0597,-2.1007,-2.066,-1.9208,-1.9808,-1.924,-2.0344,-2.006,-1.9082,-1.6209,-1.3495,-1.5136,-1.0623,-1.5799,-1.5452,-1.7851,-1.6494,-1.7788,-1.8482,-1.4189,-1.5673,-1.5515,-1.6683,-1.3905,-2.1039,-2.0376,-2.1544,-2.126,-2.1197,-2.1418,-2.1102,-2.1891,-2.1891,-2.1323,-1.9713,-1.4316,-1.5199,-1.4821,-1.5894,-1.501,-1.9808,-2.0344,-2.0944,-1.8514,-1.7756,-1.7788,-1.9429,-1.9808,-1.763,-1.804,-1.8766,-2.0944,-2.1102,-2.1733,-2.0881,-1.5515,-1.6809,-1.6809,-1.5957,-1.5515,-1.8798,-2.1165,-2.006,-1.703
-1.3704,1.2259,0.37781,1.4887,1.6791,1.89,2.2928,2.5493,0.73972,0.27081,1.2637,0.35892,0.16853,0.42659,0.17482,1.1567,0.63115,0.26294,-0.92351,-1.158,-1.5277,-1.0793,-0.61195,-1.0651,-1.1879,-1.2178,-1.608,-1.6033,-1.6788,-1.9259,-1.1995,-1.0312,-1.3143,-1.2577,-1.2829,-1.308,-1.3521,-1.1775,-1.4166,-1.975,-2.1952,-2.3666,-2.4044,-2.3729,-2.428,-2.3257,-2.45,-2.3886,-2.277,-2.428,-2.5412,-2.4688,-2.5538,-2.4924,-2.5066,-2.4972,-2.5554,-2.516,-2.4956,-2.3603,-2.2376,-2.5003,-2.5491,-2.5711,-2.4421,-2.5459,-2.6104,-2.6104,-2.6214,-2.6466,-2.5805,-2.45,-2.4767,-2.4657,-2.4563,-2.0835,-1.8601,-1.6667,-2.1857,-1.8491,-2.4468,-2.5019,-2.5192,-2.5805,-2.5554,-2.6057,-2.5679,-2.5538,-2.5617,-2.5601,-2.5208,-2.5554,-2.5506,-2.6073,-2.579,-2.5774,-2.5365,-2.5852,-2.5884,-2.6057,-2.6041,-2.5727,-2.4217,-2.472,-2.0646,-2.4531,-2.5365,-2.5443,-2.5475,-2.6041,-2.5774,-2.2612,-2.1983,-2.3902,-2.2424,-2.0615,-1.8979,-1.7359,-2.1448,-2.3477,-2.1464,-2.3273,-2.3745,-2.4358,-2.4311,-2.2801,-2.2754,-2.2361,-1.9844,-1.9545,-2.2093,-2.1621,-2.4358,-2.3792,-2.3462,-2.365,-2.332,-2.4673,-2.3462,-2.2974,-2.2659,-2.2832,-2.3587,-2.4201,-2.4626,-2.5019,-2.5664,-2.5805,-2.5239,-2.5585,-2.5601,-2.5491,-2.5915,-2.5947,-2.483,-2.3068,-2.1212,-2.0882,-2.0599,-2.3053,-2.2345,-2.4264,-2.2943,-2.439,-2.4736,-2.2738,-2.2203,-2.2785,-2.3257,-2.321,-2.5758,-2.5113,-2.5774,-2.5443,-2.5255,-2.5506,-2.6025,-2.5522,-2.5947,-2.5679,-2.4626,-2.1731,-2.2707,-2.2298,-2.1967,-2.2329,-2.4012,-2.5428,-2.5601,-2.3823,-2.4924,-2.4783,-2.5333,-2.5428,-2.3918,-2.3682,-2.3918,-2.5176,-2.6025,-2.5318,-2.5679,-2.4201,-2.4028,-2.2895,-2.2581,-2.2313,-2.4421,-2.5805,-2.5459,-2.4893
-0.95251,0.72194,-0.47676,0.78025,0.61,0.59601,1.3493,2.2005,0.97847,-0.0056748,0.92717,0.09927,0.46075,0.40011,0.094606,0.64498,0.22054,-0.29252,-0.67499,-0.97816,-1.1204,-0.81492,-0.3928,-0.73796,-0.8429,-0.41146,-0.63068,-0.29719,-0.40213,-1.0528,-0.062592,-0.10688,0.053966,0.96312,0.9841,0.94214,0.044642,0.90018,1.3384,0.035317,-0.064923,-0.034618,-0.3097,-0.013637,0.08194,0.088934,-0.35632,0.25212,0.8792,0.5948,-0.090566,0.088934,0.68105,-0.0019815,0.023661,-0.32834,-0.49619,-0.47987,-0.34699,-0.13253,1.131,0.035317,-0.28405,-0.61974,0.13789,-0.49153,-0.42392,-0.23976,-0.71066,-0.76194,-1.016,-0.81789,-0.93911,-1.1209,-0.91347,0.10758,0.20316,-0.18614,-0.76427,-0.88083,-1.1373,-1.1582,-1.3261,-1.3028,-1.438,-1.5778,-1.5242,-1.5615,-1.4916,-1.1909,-1.3004,-1.3144,-1.1279,-0.99273,-1.2561,-1.2561,-1.403,-1.4636,-1.5079,-1.5382,-1.3704,-1.3284,-0.83887,-1.1652,-0.33068,-1.3028,-1.6385,-1.6198,-1.7853,-1.9392,-1.8343,-1.6058,-1.7923,-1.9462,-1.9159,-1.7643,-1.7457,-1.9741,-1.9811,-2.079,-1.9252,-2.0161,-2.0721,-2.156,-2.1257,-2.0557,-2.1233,-2.0418,-2.0114,-2.0767,-2.1187,-2.142,-2.1746,-2.086,-1.9928,-1.9998,-1.9975,-1.9858,-1.9765,-2.0021,-1.8576,-1.9858,-1.9578,-2.0604,-2.114,-2.0837,-2.121,-2.1117,-1.9835,-2.1676,-2.0697,-2.0767,-2.1257,-2.086,-2.142,-2.0138,-1.9089,-1.8576,-1.741,-1.9089,-1.9065,-2.0278,-1.8902,-1.8576,-1.9648,-1.7037,-1.8506,-1.9089,-1.8995,-1.9975,-2.0767,-2.0954,-2.0977,-2.1187,-2.128,-2.1513,-2.1443,-2.1467,-2.135,-2.135,-2.1257,-1.9578,-1.9462,-1.9229,-2.0441,-1.9135,-2.0138,-1.9345,-1.8389,-1.6804,-1.755,-1.8366,-2.0581,-1.9741,-1.9089,-1.8926,-1.8716,-2.0511,-2.0954,-2.0954,-2.0721,-1.375,-1.3564,-1.8063,-1.8669,-1.8646,-1.9998,-2.093,-2.0394,-2.1024
-2.356,-0.33887,-0.091057,1.5687,0.46796,0.45068,0.076073,1.7704,-0.18903,-0.44837,0.92901,-0.18327,0.28931,-0.010374,0.40457,1.0731,0.83104,1.9837,-0.11987,-0.2409,-0.073768,-0.42532,-0.25819,-0.287,-1.1688,-0.27548,-1.4108,-0.77687,-0.26395,-0.92671,0.1612,-0.30542,-0.63955,-0.21901,0.44348,-0.19597,0.63935,3.7156,3.7444,-0.098033,-0.35727,-0.50705,-0.76628,-1.0486,-0.76628,-0.52433,-0.92759,-0.69715,-0.54737,-0.99671,-1.4691,-1.3424,-1.4057,-1.1753,-1.5037,-1.7687,-1.9703,-1.9184,-1.8954,-1.0428,-0.5877,-1.809,-2.0682,-2.218,-1.7917,-2.2698,-2.1431,-2.0567,-2.339,-2.2468,-2.2526,-1.0889,-1.832,-2.0394,-1.8896,-0.81813,0.57598,0.99652,-0.023143,-0.43792,-1.9357,-2.1258,-2.0337,-1.8551,-1.9357,-1.9703,-2.1719,-2.2295,-1.93,-1.93,-2.0855,-2.0337,-1.809,-2.2698,-2.1719,-2.0682,-1.9703,-2.0913,-1.9818,-2.1489,-1.9357,-2.2122,-0.99095,-1.2099,-1.2905,-1.3712,-1.8724,-1.8608,-1.8896,-2.0221,-2.2814,-1.1235,-1.0313,-1.4461,-0.67987,-0.99671,-1.0831,-1.1926,-1.3078,-1.544,-1.3308,-1.0198,-1.5901,-1.8147,-1.976,-2.0394,-1.5901,-0.99095,-0.25933,0.91587,-1.256,-1.5843,-1.665,-1.6938,-1.3827,-0.96791,-1.1695,-1.2329,-1.5382,-1.544,-1.6477,-1.4057,-1.544,-1.5786,-2.0337,-1.976,-1.9012,-2.1777,-2.0797,-1.9703,-1.9184,-1.93,-2.0797,-1.9818,-1.5094,-1.4461,-1.0428,-1.158,-0.85846,-1.6074,-1.2963,-1.9012,-1.2444,-1.3308,-1.5728,-1.279,-1.2963,-1.665,-1.4115,-1.6189,-2.1892,-1.7341,-2.1431,-2.1546,-2.2353,-2.2871,-2.195,-2.0797,-2.1662,-2.0337,-1.9184,-0.9103,-0.93911,-1.302,-1.2387,-1.3539,-1.9127,-2.097,-1.8378,-1.5209,-1.423,-1.6534,-1.6189,-1.6362,-1.4979,-1.0889,-1.8954,-1.8205,-1.9242,-2.2698,-2.1201,-1.1638,-1.2732,-1.3078,-1.3424,-1.3308,-1.8436,-2.3851,-1.8839,-1.9876
