0.033454,-0.098939,-0.098939,-0.098939,-0.098939,-0.10321,-0.10321,-0.098939,-0.064773,-0.00071179,-0.086126,-0.022065,-0.10321,-0.10321,-0.094668,-0.10321,-0.10321,-0.090397,-0.094668,-0.081856,-0.04769,0.024913,0.020642,0.0121,0.1146,0.10179,0.31532,0.31532,0.5374,0.22137,0.442,-0.094691,-0.086172,-0.086172,-0.077653,0.1055,0.04587,0.067167,0.1268,0.23328,0.97016,0.9872,0.88072,0.73164,0.79979,0.68478,0.87646,1.2811,1.3322,1.2257,1.1576,1.23,0.91905,0.85942,0.64645,0.3994,0.43348,1.4983,1.4046,1.3109,1.9072,2.3587,2.7591,2.4567,2.2139,2.2991,1.9626,1.3067,1.1831,1.247,1.3918,1.3748,1.4259,0.95313,0.74016,0.87646,0.85942,0.99998,0.74867,0.82534,0.70182,0.71886,0.5996,0.65497,0.72312,0.59108,0.6933,0.75719,1.0128,0.59534,0.29292,0.4207,0.45903,0.38662,0.30995,0.31421,0.29718,0.23754,0.48033,0.64645,0.33551,0.46329,0.18643,-0.0052427,-0.0052427,-0.052096,-0.060615,-0.060615,0.062908,-0.013762,-0.00098326,0.22903,0.27162,5.86,5.7961,3.5642,5.8515,4.1945,3.0104,4.6375,2.9167,3.2532,2.346,1.7241,2.0691,1.7667,1.5494,1.1363,0.92331,0.95313,0.76145,0.62941,1.2555,0.91905,0.77849,0.42922,0.36533,0.35255,0.31421,0.33977,0.29718,0.28014,0.2844,0.34403,0.22477,0.19495,0.29718,0.34403,0.34829,0.28014,0.23328,0.30144,0.079946,0.25458,0.56126,0.27162,0.20773,0.067167,0.058649,0.46329,0.16087,0.11402,0.23328,0.26736,0.20773,0.05013,0.024573,0.054389,0.096983,0.4207,0.44626,0.26736,0.37811,0.37385,0.15236,0.016054,0.32273,0.25458,0.058649,0.1055,0.04587,0.028833,0.0075356,0.033092,0.13106,0.1055,0.084205,0.1055,0.32699,0.42922,0.17791,0.30144,0.10124,0.084205,0.21625,0.16513,0.079946,0.11828,0.1268,0.11402,0.23328,0.13532,0.16939,0.067167,0.11402,0.18217,0.058649,0.16513,0.1055,-0.064875
-2.5776,-0.18493,-0.030565,-0.058351,0.66101,0.908,0.84934,0.81846,-0.005866,1.2167,0.30596,-0.042914,-0.13245,-0.25286,-0.54307,-0.52763,-0.73757,-0.46588,-0.32078,0.040445,0.91726,0.63631,1.7385,1.9515,-0.60173,0.19173,0.33066,-0.80241,-1.7996,-1.4816,-0.60621,0.13587,0.31754,0.19746,1.6016,1.0104,1.503,1.3152,0.55464,0.30215,-0.48612,-0.042721,-0.95416,0.56696,-0.20592,-0.23979,-0.28598,-0.21516,0.25596,0.03118,-0.088909,-0.15049,-0.29214,-0.43378,-0.81252,-1.0989,-1.3144,-0.42454,-0.40607,-0.030404,0.28675,-0.0458,0.24057,0.29907,0.046576,-0.20284,0.089685,-0.21823,-0.079671,0.80406,1.8879,1.0073,0.028101,0.20054,-0.011929,0.53617,0.058893,0.71476,0.39452,0.086605,0.11432,0.16666,0.092764,0.44379,1.9742,1.7648,0.061972,-0.31985,-0.073513,-0.22131,0.098922,-0.22439,-0.14741,0.0065464,-0.47997,0.83177,-0.055037,0.33294,2.7624,0.71168,1.6262,2.553,2.125,-0.23363,-0.79712,0.2652,-0.12894,-0.021166,0.13895,0.65626,0.44379,1.346,1.8972,2.242,2.0481,1.0473,-0.49536,-0.40607,-0.19052,0.75479,0.53001,0.73939,0.26212,0.089685,0.46227,0.51461,0.38221,0.14819,0.15435,-0.1043,0.040418,0.44995,1.8818,0.70244,0.66241,-0.12894,0.36681,-0.048879,-0.15973,0.11124,0.03118,-0.11046,-0.22131,0.77327,0.1174,0.33602,1.3214,1.6693,1.6816,1.3152,1.2721,1.8417,0.48382,1.0997,1.2659,1.3121,1.4353,0.60083,-0.1351,0.9457,0.028101,-0.85871,-0.08275,0.97649,0.91491,-0.98803,-0.82176,-0.42146,-0.0026912,0.25596,-0.24287,-0.31061,-0.58774,-0.91721,-1.0096,-1.2436,-0.49228,-1.1112,-1.3267,-1.5361,-1.3976,-1.57,-1.6593,-1.5669,-1.4807,-2.0134,-1.9518,-1.8009,-0.4153,-0.27366,-1.1913,-0.23055,-1.1451,-0.91721,-1.0681,-1.7055,-1.6685,-1.7948,-1.844,-1.9949,-1.1204,-1.6655,-1.9026,-1.7055,-1.5392,-1.259,-1.4745,-1.1081,-1.2036,-2.309
-0.41203,-0.41203,-0.72081,-0.56144,-0.58136,-0.35227,-0.16302,-0.15306,-0.26263,0.45453,0.26528,0.31508,0.016269,0.6139,0.43461,-0.17298,-0.29251,0.0063083,0.2852,0.37485,0.16568,0.69358,0.40473,0.39477,0.15572,-0.17298,0.095953,-0.063415,-0.10326,-0.25266,-0.50236,0.074179,-0.28367,0.09406,0.43203,0.48173,-0.12463,-0.084866,0.22328,0.35251,0.31275,0.31275,0.39227,-0.14451,0.58114,-0.045105,-0.58188,-0.4626,-0.62165,-0.45266,-0.39302,-0.31349,-0.015284,-0.54212,-0.4626,-0.4129,-0.4129,-0.094807,-0.32344,-0.14451,-0.47254,-0.21409,-0.11469,0.17358,-0.31349,-0.69123,-0.42284,0.1537,-0.20415,-0.10475,-0.12463,0.0045969,0.47179,-0.094807,-0.045105,-0.30355,-0.23397,-0.30355,-0.73099,-0.5123,-0.58188,-0.22403,-0.38308,-0.45266,-0.23397,-0.084866,-0.084866,-0.23397,-0.30355,0.064239,0.50162,0.39227,0.32269,0.6209,0.63084,0.64078,0.48173,0.27299,0.96881,0.77001,1.1477,0.064239,0.91911,0.064239,0.50162,0.88929,-0.30355,-0.015284,-0.14451,-0.42284,-0.34332,0.50162,-0.11469,0.17358,0.23323,0.09406,0.16364,0.22328,0.77995,0.18352,0.21334,0.94893,0.40221,0.2034,0.78989,0.32269,1.9728,2.8277,3.931,3.275,2.3207,2.8376,0.6706,0.66066,1.1577,0.74018,0.79983,0.2034,-0.035165,0.65072,0.014537,2.1617,1.764,2.2909,2.5891,0.98869,1.3863,0.99863,1.5652,1.4459,0.69048,1.4261,2.1716,2.7283,1.1776,1.9529,0.75012,-0.035165,0.82965,2.768,2.6487,1.9628,1.4559,0.66066,1.2869,1.5255,1.4857,0.85947,0.40221,-0.29361,1.7143,0.5215,0.70042,2.3008,3.5632,1.5951,0.18352,0.2034,-0.064986,1.5354,1.1179,1.3764,1.6149,2.1318,0.24317,-0.13457,0.18352,-0.12463,0.48173,1.4459,5.3823,0.32269,1.1378,0.034418,0.2034,0.42209,-0.15445,1.2372,0.87935,1.0583,1.7839,1.2869,1.6448,1.2571,1.0086,1.943,5.0841,0.68054,1.0782,1.8436
3.6336,3.6977,5.215,2.8429,2.4796,1.4752,0.1503,0.12893,-0.87545,-0.25573,-0.57628,-0.53354,-0.96093,-0.66176,-0.53354,-0.10614,-0.17025,-1.1319,-0.78997,-0.83271,-1.0678,-1.2387,-1.4524,-1.2174,-0.85408,-1.3029,-0.9823,-1.3456,-1.2601,-1.4738,-1.6243,-1.3897,-1.5603,-1.6243,-1.7736,-1.8802,-1.7523,-1.7949,-1.6883,-1.7736,-1.8162,-1.8589,-1.7309,-1.7736,-1.667,-1.3471,-1.475,-1.603,-1.5817,-1.7736,-1.2191,-1.6243,-1.603,-1.603,-1.5603,-1.7523,-1.7096,-1.6883,-1.5603,-1.6243,-1.7736,-1.5817,-1.475,-1.0911,-1.0911,-1.7736,-1.4963,-1.667,-1.1764,-1.8376,-1.7309,-0.60063,-0.8992,-1.603,-1.3257,-1.4537,-0.85655,0.52969,-0.40869,-0.13144,-0.66461,-0.30205,-0.36603,-0.19542,-0.024805,0.081829,-1.5177,-1.8802,-1.8802,-1.8589,-1.667,-1.9442,-1.9442,-1.8162,-1.7096,-1.8162,-1.7949,-1.6456,-1.6456,-1.8162,-1.7523,-1.7736,-1.6883,-1.667,-1.7523,-1.9016,-0.85655,-0.81389,-1.6883,-1.5603,-1.7096,-1.3897,-1.6883,-1.7309,-1.8802,-1.6883,-1.4963,0.80694,-1.411,-1.4537,0.16714,0.31642,0.44438,0.74296,-0.66461,-1.539,-1.603,-1.9016,-1.6883,-1.9655,0.18846,-0.77124,-1.411,-0.96318,0.44438,0.3804,-0.85655,-1.3044,-0.83522,-1.4963,-1.5817,-1.603,-1.7736,-1.9016,-1.7523,-1.8589,-1.9016,-1.7309,-1.8802,-1.7736,-1.8589,-1.7736,-1.9016,-1.7736,-1.4963,-0.30205,-1.3897,-0.96318,-1.5603,-1.3257,-1.667,-1.6456,-1.667,-1.7309,-1.6883,-1.7096,-1.6456,-1.7949,-1.8589,-1.8589,-1.6883,-1.6456,-1.7096,-1.3257,-1.7736,-1.5603,-1.5177,-1.1125,-1.7096,-1.7096,-1.7736,-1.8802,-1.9229,-1.9442,-1.9655,-1.8376,-1.9869,-1.9442,-1.9229,-1.9229,-1.6456,-1.411,-1.8802,-1.9869,-1.9655,-1.9229,-1.8162,-1.9655,-1.411,-1.411,-1.603,-1.5603,-1.4963,-1.4963,-1.7949,-1.8802,-1.7096,-1.667,-1.2831,-1.0058
-0.82204,-0.82204,1.4966,0.41692,-0.65095,0.039332,-0.11996,-0.41495,-0.62735,-0.36186,-0.26156,-0.49165,-0.81024,-0.72175,-0.10816,1.119,2.4583,0.76501,0.51722,0.43462,-0.043265,0.26353,0.14553,-0.0019666,-0.049165,-0.60375,0.14553,-0.33236,-0.10226,-0.45625,0.094383,2.0845,2.1846,2.2258,2.0079,1.3367,1.1954,0.75383,1.0247,0.7656,0.64196,1.0718,1.2013,0.9128,0.50065,0.35345,-0.22945,0.24158,0.035504,-0.22356,-0.041039,0.10616,0.082607,0.24158,0.31224,0.46532,0.80093,0.87159,1.2955,1.2366,0.81271,0.2828,2.9147,1.6782,-0.06459,0.1827,0.68906,1.4427,1.5546,2.8087,1.9255,1.6959,0.51831,0.96579,0.78327,2.267,1.9079,2.3553,2.7734,2.8499,3.8214,1.5075,2.2494,2.1669,2.2199,2.8146,3.0737,2.9912,3.003,2.6438,3.0913,2.638,2.8617,2.0551,2.1257,1.5605,1.2955,1.849,2.1198,1.1012,1.1012,0.48298,0.81271,0.79504,0.99523,1.1895,2.1905,1.955,2.0197,2.3141,2.3494,1.3308,1.2366,1.8549,2.1198,1.6959,0.80093,2.1669,1.3603,2.108,1.1365,1.9491,1.7077,1.7136,2.8558,0.95402,1.1365,1.0188,1.8843,1.9726,1.5781,2.426,1.8725,1.9079,1.9962,2.1846,2.1198,2.7027,3.3857,2.426,2.7498,1.1836,0.87747,0.81271,0.61252,0.38289,0.11793,-0.070478,0.04728,-0.011599,0.12382,-0.27067,-0.31188,-0.27067,0.7656,-0.11758,0.48298,0.89514,1.3544,0.49476,-0.31188,-0.17646,-0.4002,-0.15291,-0.058702,-0.17057,0.74794,1.1895,1.7783,2.1375,1.5605,1.6076,1.7018,2.1493,2.1375,2.3436,1.5546,1.166,0.42999,1.7665,1.9491,0.7185,0.99523,1.5487,0.82448,0.77738,0.58897,0.26513,1.5016,1.584,1.8666,0.78327,0.9128,0.33579,0.70672,1.113,1.1601,1.5134,0.35345,1.8019,1.4192,-0.06459,0.90102,1.4015,0.73616,-0.017487,1.3897,2.2494,0.41822,0.81859
2.255,4.3032,4.9072,0.73429,-0.040625,-0.29529,-0.45537,-0.52085,-0.44445,-0.5063,-0.53177,-0.51721,-0.56451,-0.54268,-0.45901,-0.21162,0.050327,-0.45901,-0.4772,-0.48811,-0.56451,-0.58634,-0.59361,-0.57906,-0.60453,-0.56451,-0.56087,-0.50994,-0.51721,-0.65546,-0.52135,-0.50683,-0.57944,-0.56129,-0.65206,-0.67021,-0.67021,-0.59034,-0.5976,-0.57944,-0.60123,-0.61212,-0.61938,-0.61212,-0.56492,-0.23089,-0.46326,-0.49594,-0.48505,-0.41969,-0.43785,-0.4088,-0.44511,-0.47415,-0.39065,-0.43785,-0.47778,-0.45237,-0.41969,-0.35071,-0.48141,-0.30714,-0.33255,-0.17643,0.21569,-0.41606,-0.18733,-0.33619,-0.20911,-0.52498,-0.44874,1.1706,0.24836,-0.37249,-0.089296,0.0051034,0.96362,3.2691,1.4683,2.0165,1.2976,3.2873,1.8205,2.5829,2.2997,4.293,-0.29988,-0.58671,-0.64843,-0.56129,-0.60486,-0.59034,-0.63027,-0.57218,-0.54314,-0.54677,-0.54677,-0.5032,-0.46689,-0.48868,-0.60123,-0.61575,-0.57218,-0.64117,-0.55403,-0.51046,0.37907,-0.43422,-0.52498,-0.44511,-0.43058,-0.49957,-0.52861,-0.48505,-0.48505,-0.30714,-0.36886,1.4719,-0.16917,-0.41969,1.1343,0.52793,0.13581,3.2764,-0.20548,-0.44511,-0.456,-0.45237,-0.40154,-0.41243,1.4574,1.0907,0.1939,2.0311,1.3884,1.0689,1.0508,0.21569,1.2323,-0.027573,0.0087341,-0.25268,-0.29625,-0.2672,-0.21274,-0.20548,-0.092926,-0.16917,-0.24905,-0.22726,0.052303,-0.063881,0.026888,0.36092,0.48073,0.9382,0.51704,0.86559,0.68042,0.61507,0.61144,0.60054,0.7603,0.9854,1.0871,1.0798,0.85106,0.73125,0.49888,0.81839,0.92731,1.0217,0.8075,1.5917,0.63322,1.3775,1.5409,1.6898,1.0798,1.1016,0.87285,1.0544,0.96725,1.3957,1.0508,0.93094,1.2069,1.0653,1.3303,0.97088,1.7333,0.96725,0.8075,0.94546,0.78208,0.73851,0.6187,0.81476,1.0834,0.96725,1.0725,0.88011,1.196,0.86922,0.85106,0.94183,1.0471,0.98177,1.1815,0.7022
-0.97675,-0.64186,0.079428,-0.52594,-0.60322,-0.60322,-0.30698,-0.34562,-0.37138,-0.11378,-0.37138,-0.50018,-0.44866,-0.075135,0.23399,0.78784,1.6637,1.1227,0.71056,0.78784,0.15671,0.32415,0.44007,0.14383,0.18247,-0.33274,0.40143,-0.51306,-0.010734,-0.2941,0.2056,1.3368,1.9538,1.9538,2.0309,1.2725,1.144,0.83546,1.1568,0.8226,0.89973,1.2854,1.7995,0.88687,0.77119,0.24416,0.05135,0.05135,-0.15432,-0.37284,-0.52709,-0.16717,-0.39855,-0.32142,-0.15432,0.025642,0.55266,0.28273,0.89973,0.42412,0.50125,-0.090046,2.8021,1.7867,-0.42425,-0.68134,0.46268,2.4679,1.6196,1.7095,1.8638,1.2082,0.53981,0.43698,0.50125,1.6967,1.6967,2.108,1.7995,2.0823,2.1209,1.4525,2.635,2.4294,3.1878,2.7893,2.5322,2.7507,3.6377,3.1878,3.252,2.7379,3.252,2.8021,2.3523,1.6196,1.5553,1.8895,1.7224,0.66835,0.70691,-0.29571,-0.16717,0.038496,0.56552,1.3625,1.3368,1.0925,1.2854,1.671,1.8381,1.401,1.6324,2.2366,2.6865,2.3651,1.3496,1.7095,1.4653,2.2751,1.0797,1.9409,1.8638,2.0052,2.6608,2.8021,2.725,2.6736,1.9281,2.4165,1.3882,2.288,2.2366,2.2623,2.4165,2.6222,2.1209,1.761,2.4165,1.8509,2.3651,1.2082,1.5939,1.5039,0.61694,1.0797,0.69406,0.32129,-0.11575,0.16704,0.50125,0.025642,-0.012921,-0.25715,1.0925,0.37271,0.964,1.4525,1.491,0.92544,-0.077192,0.025642,-0.012921,0.012788,-0.038629,0.12848,1.1697,1.9024,1.4782,1.6967,1.4396,1.6196,1.4782,2.0823,1.8638,1.7738,1.0925,0.73262,0.16704,1.6838,1.9666,1.4267,1.3239,1.9152,1.3753,1.3496,1.401,0.69406,2.2494,2.1723,1.6324,2.018,1.9281,1.2596,1.4139,1.7224,2.0566,1.6196,0.61694,1.2082,1.1697,-0.090046,1.0411,1.3368,0.97685,0.50125,1.0925,1.7867,0.60408,0.8226
-0.37905,1.5302,0.67765,0.10127,-0.11488,-0.307,-0.054836,-0.19893,-0.11488,-0.0068045,-0.29499,-0.19893,0.041227,0.68965,0.55757,1.194,1.3621,0.19733,0.22135,-0.018812,-0.24696,-0.35503,-0.4631,-0.6072,-0.48712,-0.36704,-0.59519,-0.69126,-0.17492,-0.89539,-0.0098629,0.25378,0.55337,-0.22557,-0.10573,-0.28549,-0.29747,-0.3454,-0.59706,-0.7169,-0.75285,-0.32144,-0.44127,-0.44127,-0.645,-0.16565,-0.21358,-0.14168,-0.42929,-0.40532,-0.45326,-0.63301,-0.10573,-0.47722,-0.17763,-0.44127,-0.38136,-0.36937,-0.35739,-0.3454,-0.58508,-0.03383,0.84098,0.78106,0.21783,-0.30945,0.49345,0.99676,1.6439,1.1765,1.2364,1.9075,2.4468,2.0154,1.9914,1.9195,2.1712,1.9075,1.7517,1.3323,1.9075,1.2005,0.56535,0.5294,1.0926,2.6865,2.5187,2.2071,1.8955,1.6439,1.8836,1.584,1.5121,1.3563,1.0806,0.91288,0.56535,1.5121,2.3749,2.0993,1.8356,1.524,1.7637,1.0687,1.4881,1.7397,3.4175,2.279,1.4881,1.7278,0.66122,0.88891,0.81701,0.42155,0.79304,1.2604,1.1286,1.8955,1.1046,1.1046,2.303,3.1418,2.1232,4.6038,2.9141,2.1472,1.9914,1.4641,2.6984,1.4282,2.7344,1.6918,0.68519,2.303,1.8356,1.0926,0.4575,1.4162,1.8476,1.6439,0.43353,0.49345,0.40956,0.086006,0.22981,0.42155,0.34965,0.25378,0.0021208,0.24179,0.82899,-0.093748,0.09799,1.2484,1.7038,2.1232,1.3083,1.4761,0.99676,2.1951,1.1645,1.1286,1.1885,0.93684,0.36163,0.50543,2.303,1.2604,0.4575,0.75709,2.8303,1.6199,1.4402,2.0034,1.2125,2.0034,1.9315,2.1951,1.2245,1.1286,0.3856,-0.069781,-0.03383,-0.24954,0.038072,-0.45326,-0.53714,-0.36937,-0.1297,0.50543,2.4707,1.0207,1.1765,0.87693,0.57734,0.19386,-0.23755,0.19386,0.19386,0.37361,1.0327,0.69717,1.3323,1.3083,0.94883,1.1525,0.34965,0.24179,0.88891,0.4575
2.0443,4.5398,5.1759,0.48833,-0.17224,-0.47071,-0.46582,-0.50986,-0.46582,-0.47561,-0.47561,-0.42668,-0.549,-0.53432,-0.50497,-0.10373,-0.030337,-0.54411,-0.45114,-0.51964,-0.52454,-0.53922,-0.57347,-0.4805,-0.58326,-0.50986,-0.5539,-0.59304,-0.56368,-0.62729,-0.50062,-0.52503,-0.5934,-0.60316,-0.54945,-0.58363,-0.60805,-0.52992,-0.55433,-0.54457,-0.63735,-0.58363,-0.54945,-0.60805,-0.55433,-0.27111,-0.36877,-0.43225,-0.26622,-0.32482,-0.37854,-0.18809,-0.33459,-0.18321,-0.26134,-0.29064,-0.24669,-0.33947,-0.23204,-0.24181,-0.45667,-0.24181,-0.18809,-0.11973,0.48579,-0.26622,-0.13438,-0.31994,-0.23204,-0.49573,-0.49573,1.4771,0.29046,-0.45667,-0.070896,0.041417,1.1304,3.7429,1.4917,2.0533,1.3355,3.5427,1.6529,2.6051,2.3414,4.5632,-0.30529,-0.5934,-0.67153,-0.60805,-0.63246,-0.5934,-0.61293,-0.57386,-0.5641,-0.52503,-0.4762,-0.57875,-0.53968,-0.5641,-0.61293,-0.62758,-0.63735,-0.67153,-0.5641,-0.54457,0.43696,-0.52503,-0.64223,-0.5055,-0.48108,-0.58363,-0.61781,-0.58363,-0.55433,-0.52503,-0.50062,2.0435,-0.40784,-0.37854,1.6675,0.6274,0.21233,4.6072,-0.39807,-0.57386,-0.63246,-0.5934,-0.55921,-0.61293,1.731,1.0864,0.14885,2.273,1.4429,1.0278,1.0474,-0.066013,1.1694,-0.17344,-0.18809,-0.45667,-0.52992,-0.5641,-0.51038,-0.52992,-0.43714,-0.43225,-0.50062,-0.51527,-0.39807,-0.5055,-0.34435,-0.24181,0.0463,0.24651,0.051184,0.35394,0.021884,-0.0074147,0.080483,-0.13438,-0.21251,0.017001,0.1049,0.1342,0.33929,0.20745,0.1049,0.095132,0.39301,0.38324,0.29534,0.99364,0.18791,0.88621,0.79343,1.0669,0.58345,0.43696,0.39789,0.31488,0.32464,0.46625,0.57368,0.45161,0.37836,0.64205,0.50044,0.62252,1.1841,0.50532,0.47602,0.34906,0.16838,0.30999,0.095132,0.47114,0.62252,0.46625,0.5102,0.35882,0.67135,0.47114,0.30023,0.56392,0.63228,0.47602,0.76901,0.44184
-1.7961,-1.5391,0.98876,0.20327,-1.282,-1.4534,-1.1678,-1.182,-1.0249,-0.69647,-0.76787,0.046177,-0.21089,-0.39655,0.70313,0.9602,1.0602,0.9602,0.17471,0.5746,0.67457,0.83166,0.33181,1.2173,1.0887,0.83166,0.36037,0.54603,0.47462,-0.5108,1.036,0.52295,0.10962,-1.1874,-0.95934,-0.7883,-0.90233,-1.4012,-1.1304,-1.4154,-1.7147,-1.2444,-1.2016,-1.0591,-0.66003,-0.047163,-0.74555,-0.87382,0.2664,-0.17544,-0.41773,-1.1731,-0.57451,-1.1446,-1.1731,-0.87382,-0.10417,-1.0734,-0.34647,-1.0306,-0.90233,-1.1304,-0.089921,-0.13268,2.048,0.19513,-0.85957,-1.5437,-0.10417,0.081112,-0.43199,2.2903,0.39467,-0.53176,-0.91658,-1.1589,1.5919,1.036,-0.40348,1.4921,0.038354,-0.5175,0.72248,0.7795,0.69398,-1.2444,-0.089921,-1.0591,-0.56026,-0.73129,-0.63152,-0.73129,-0.77405,-0.53176,-0.98784,-0.36072,-1.0306,-1.2016,-0.27521,-0.93083,-0.94508,-0.43199,0.42318,-0.70279,-0.84531,-0.061415,-0.03291,0.7795,-1.1589,-0.489,-2.3989,-0.88807,-1.2729,-1.1874,-0.64578,-0.26095,-0.28946,1.4921,0.40892,-0.47474,1.5064,2.5041,1.5491,0.92202,0.97903,-0.68854,0.70823,-0.047163,0.89352,0.33766,1.8912,-0.061415,0.808,-0.44624,1.5634,1.0218,-0.47474,0.87926,-0.14693,0.83651,-0.97359,-0.97359,-0.95934,-1.0449,-1.1304,-1.0306,-0.61727,-0.64578,-0.63152,-0.95934,-1.2301,-1.1874,-1.3014,-0.67428,0.15238,0.33766,-0.97359,0.42318,-1.2871,-1.672,-1.4724,-1.2159,-0.54601,-0.03291,-0.43199,0.30916,-0.63152,0.42318,0.72248,1.6204,1.1643,1.934,0.20939,0.081112,1.2356,1.4779,1.5776,3.7726,1.1358,0.55145,0.0098482,-1.7005,-1.6007,-0.87382,-0.68854,-2.1138,-1.9428,-1.7717,-1.1161,-1.5009,0.18088,-1.2159,-1.7575,-1.5009,-1.4154,-1.1019,-1.1874,-0.71704,-0.30371,0.12387,0.67973,0.30916,0.066859,0.5657,-0.047163,1.0075,0.038354,0.72248,0.22364,0.55145
0.16627,0.19037,0.44166,0.056111,-0.0024097,-0.0058521,-0.040276,-0.0058521,-0.040276,-0.081585,-0.033391,-0.0024097,-0.040276,-0.091912,-0.054046,0.028572,-0.019622,-0.043719,0.062996,-0.067815,-0.060931,-0.08847,-0.091912,-0.078143,-0.085027,0.14217,-0.043719,-0.029949,-0.0058521,-0.0747,-0.026736,-0.0095589,-0.043913,-0.095445,-0.002688,-0.05422,-0.040478,-0.043913,-0.023301,-0.064526,-0.026736,-0.071397,-0.088574,0.011054,-0.047349,0.55385,0.017925,-0.040478,-0.019865,-0.061091,-0.098881,-0.078268,-0.095445,-0.047349,-0.040478,-0.019865,-0.033607,-0.074832,-0.074832,-0.047349,-0.057655,-0.074832,0.041973,0.15534,0.086634,0.045408,0.09694,0.15878,0.25154,-0.057655,-0.026736,0.16221,0.011054,-0.019865,0.0041829,-0.071397,0.052279,0.10381,-0.064526,0.031666,-0.074832,-0.040478,-0.095445,-0.078268,-0.088574,-0.002688,-0.088574,-0.067962,-0.09201,-0.085139,-0.078268,-0.074832,-0.088574,-0.085139,-0.09201,-0.074832,-0.05422,-0.061091,0.48858,-0.047349,-0.067962,-0.057655,-0.057655,-0.081703,-0.002688,-0.033607,0.090069,-0.0061235,0.02136,0.035102,-0.012994,-0.002688,-0.047349,-0.01643,-0.0095589,0.05915,0.02136,0.31337,0.18283,0.093505,0.37178,0.58821,0.47827,0.38895,0.27558,0.2962,0.33742,0.25497,0.47484,0.29963,0.36834,0.41987,0.31337,0.4611,0.93519,0.58134,0.38552,0.43361,0.4611,0.55385,0.48515,0.49202,0.39926,0.36834,0.38895,0.48515,0.49202,0.47827,0.45423,0.49889,0.57447,0.65348,0.48515,1.4986,1.1241,1.4024,1.1379,1.107,1.2616,1.1448,1.6498,0.79777,0.57103,0.80121,0.88709,0.92832,1.2409,1.3028,1.1688,1.0245,1.5467,1.2203,1.0279,1.849,2.1513,2.2441,1.8868,2.0998,1.9761,1.8662,2.0208,2.0448,1.8971,2.0964,2.2785,2.1891,2.2441,2.3746,2.3403,2.6186,2.1101,2.5739,1.8834,2.275,2.4571,2.7663,2.8865,3.6801,3.5736,2.9003,3.0514,2.5808,3.6939,3.3503,3.3572,3.5908,2.3334,3.316,3.9172,2.172
0.25956,0.54462,1.0847,0.049511,0.034507,-0.040509,-0.11553,-0.10052,-0.063014,-0.070515,-0.11553,-0.085519,-0.11553,-0.11553,-0.10052,-0.033007,-0.025506,-0.055512,-0.033007,-0.10802,-0.055512,-0.10802,-0.09302,-0.14553,-0.09302,0.072016,-0.078017,-0.09302,-0.070515,-0.13053,-0.055709,-0.018277,-0.070682,-0.12309,-0.10811,-0.10811,-0.093141,-0.1156,-0.10811,-0.13057,-0.10811,-0.093141,-0.12309,-0.093141,-0.093141,1.1571,-0.078169,-0.063196,-0.0033039,-0.03325,-0.093141,-0.10063,-0.13057,-0.085655,-0.10063,-0.10811,-0.063196,-0.093141,-0.10063,-0.070682,-0.063196,-0.018277,0.056588,0.16888,0.13894,0.041615,0.10151,0.28118,0.49829,0.0041825,-0.093141,0.53572,0.2138,0.026642,0.056588,-0.063196,0.25872,0.19134,-0.03325,0.12397,0.011669,-0.040736,-0.048223,-0.025763,-0.018277,-0.01079,-0.093141,-0.078169,-0.093141,-0.10063,-0.12309,-0.093141,-0.055709,-0.048223,-0.048223,0.011669,-0.01079,-0.063196,0.81272,-0.055709,-0.078169,-0.063196,-0.048223,-0.055709,-0.078169,0.019155,0.10151,0.0041825,0.019155,-0.018277,-0.03325,-0.040736,-0.063196,-0.048223,-0.078169,0.11648,0.049101,0.55818,0.18386,0.026642,0.39348,1.0298,0.94748,0.67796,0.28867,0.12397,0.13145,0.09402,0.37102,0.25124,0.52823,0.45337,0.3261,0.72288,2.0929,0.84267,0.25872,0.52823,0.59561,0.41594,0.51326,0.59561,0.6555,0.22878,0.2737,0.33359,0.3261,0.2737,0.42342,0.31113,0.46834,0.35605,0.40096,2.34,2.0555,2.7517,1.4042,1.0972,1.1496,1.494,4.0544,1.1571,0.46834,0.58813,0.55069,0.40845,1.771,0.88758,1.1945,1.3517,1.9207,1.3143,0.97742,1.771,2.4897,3.3357,2.1902,2.4148,1.8159,2.048,1.8384,1.6737,1.5464,1.8459,2.2651,1.6213,1.741,1.9507,2.4972,2.3474,2.2876,1.8908,1.479,1.3368,1.6886,2.2501,2.1079,2.8266,3.2383,2.6843,3.126,2.2801,3.5453,2.9763,2.864,3.418,2.3999,3.4779,3.6725,2.1678
-0.0024692,1.0531,2.1457,2.3556,0.41111,0.22593,0.41111,0.096297,0.20124,-0.008642,0.12716,-0.68766,0.58396,-0.24938,-0.070371,1.158,2.3864,-0.033334,-0.027161,-0.58889,-0.66914,-1.0642,-0.70001,-0.84198,-0.4963,-0.6321,-0.88519,-1.0889,-1.7124,-1.3975,-1.0302,-0.23547,0.68859,-0.53733,-0.71599,-1.0117,-0.91928,-1.0979,-1.1903,-0.80839,-0.76527,-0.050662,-0.94392,-0.371,-0.65438,-0.98088,-1.1903,-0.38332,-1.0486,-1.0486,-0.88232,-0.40797,-0.3402,-0.54349,-0.53117,-0.0075389,-0.069143,-0.65438,-1.7448,-2.638,-1.8803,-1.3936,1.6989,-0.27244,-2.4224,-2.7428,-1.9357,1.6927,-1.2458,0.10335,-1.8988,0.79331,-0.98088,0.60234,-0.9008,-1.1164,-0.88232,0.5161,0.91036,1.4155,1.9515,1.6619,1.1506,1.0705,0.8426,2.8201,-0.013699,0.21424,1.0089,0.29432,0.15263,-0.46341,-0.21083,-0.75911,-0.56814,-0.82071,-1.0425,-0.41413,-0.42029,-1.985,-1.9604,-1.9912,-2.1267,-2.4409,-2.521,-0.92544,1.2923,-0.29708,0.67627,0.19575,0.40521,-0.56198,-0.10611,0.072546,0.282,0.33128,-1.8618,0.12799,-0.44493,0.73171,0.31896,-1.178,-0.371,0.20808,0.57154,0.59002,-0.038341,-0.33404,-0.28476,-0.42645,-0.18003,-0.38332,0.42369,0.5161,-0.19851,0.78099,0.18959,0.65779,-0.081464,-0.01986,-0.39564,-0.86384,-0.87616,-1.1164,-1.5353,-1.2889,-0.72831,-0.54349,0.13415,-0.82071,-0.52501,-0.53733,-0.56814,-0.32172,0.41137,0.75635,1.3169,0.97813,1.3231,1.3539,1.2061,1.1691,0.58386,-0.25396,0.23272,-0.19851,0.91036,0.50994,-0.47573,-0.82071,-0.46341,-1.0178,-0.99937,-0.52501,-1.1903,0.39289,1.2923,0.3128,0.53458,1.6619,1.5326,0.44217,0.96581,0.54074,0.36825,-0.5743,-0.11843,0.20808,0.066386,1.2061,1.1383,-0.78375,0.017103,0.55922,-0.10611,-0.6359,0.17727,0.5777,0.92884,1.471,1.2122,-0.64822,0.66395,0.73787,0.23888,0.60234,0.40521,1.3108,1.5695,-0.82687
0.41796,0.8001,1.3494,1.7554,0.58514,0.72844,0.87175,-0.13136,-0.51349,-0.25078,-0.60903,-0.56126,-0.63291,-0.29854,-0.13136,-0.60903,-0.51349,-0.75233,-0.63291,-0.70456,1.1345,-0.48961,-0.15524,-0.63291,0.17913,0.20301,-0.22689,0.56126,-0.29854,-0.44184,-0.58774,-0.68253,-0.89581,-0.91951,1.5451,2.0901,0.099495,0.14689,0.50236,0.45496,0.14689,0.24168,0.52606,0.47866,-0.32707,-0.090088,0.64455,0.17059,-0.20858,-0.30337,-0.090088,0.075797,0.075797,0.0047037,0.33647,-0.090088,0.24168,0.50236,-0.090088,-0.49295,0.052099,0.36017,-0.35076,-0.27967,-0.54035,-0.51665,-0.91951,-0.87212,-0.87212,-0.018994,0.075797,-0.30337,2.2797,-0.72993,0.028402,1.474,1.4503,1.9479,0.33647,0.0047037,1.2607,1.3792,1.4029,1.6636,0.85783,-0.32707,-0.39816,-0.49295,0.17059,1.4266,0.14689,0.21798,-0.090088,-0.23227,0.59715,0.43126,-0.20858,0.21798,-0.25597,-0.58774,0.54975,0.14689,0.14689,-0.46925,-0.58774,-0.51665,0.0047037,-0.44556,-0.70623,0.075797,-0.42186,-0.49295,-0.13748,-0.51665,0.92892,-0.37446,-0.37446,-0.61144,-0.58774,-0.63514,-0.68253,-0.77733,-0.54035,-0.70623,-0.68253,4.1044,3.3935,2.6115,2.493,0.95262,1.4266,1.3318,2.1612,1.3555,-0.42186,0.19429,3.2039,4.4125,0.59715,2.493,5.076,3.3224,1.8768,0.24168,0.73934,0.45496,0.26538,0.075797,0.38387,1.1659,1.2844,0.099495,0.62085,0.26538,-0.27967,-0.06639,0.21798,-0.27967,-0.68253,-0.23227,-0.018994,0.052099,-0.018994,-0.30337,-0.68253,0.73934,0.33647,1.4977,-0.46925,-0.06639,-0.35076,-0.20858,-0.06639,-0.11379,-0.54035,1,2.493,1.1896,1.6399,1.3318,0.97632,-0.27967,2.6589,0.83413,1.0711,0.73934,1.2133,0.69194,1,0.43126,0.73934,0.38387,0.38387,0.85783,-0.39816,0.40757,0.76303,0.14689,0.21798,0.24168,-0.23227,-0.090088,0.59715,0.24168,0.31278,0.099495,-0.27967,-0.56404,-0.32707,1.1422
0.43273,1.4155,1.1984,0.76414,-0.0015237,1.0498,0.82128,0.067043,0.75271,0.72986,0.24989,-0.34436,-0.47006,-0.25294,-0.1158,-0.1158,0.42131,-0.0015237,-0.12723,0.12418,-0.91575,-0.76719,-1.1786,-0.98432,-0.024379,-0.74433,0.2956,0.021332,-0.82433,-1.4757,-0.23428,0.49142,-0.086874,0.42338,0.89962,0.57079,-0.12089,-0.37035,-0.01884,0.35535,0.13991,0.51409,0.55945,0.30999,0.1966,-0.030179,0.9223,1.3418,1.1377,-0.48374,1.5573,0.35535,-0.46106,0.20794,1.4779,-0.29098,0.30999,0.95632,0.41204,-0.46106,0.62748,0.16258,1.1377,0.97899,0.8656,1.4439,0.58213,0.78623,0.95632,1.6367,1.8067,1.5573,3.1788,1.5233,2.351,2.6912,3.4509,1.6934,1.6934,2.4304,1.9315,2.5551,2.8499,1.9995,1.3078,0.85426,0.88828,0.88828,0.75221,2.351,1.2851,0.84292,1.6253,1.1718,1.8408,2.3057,2.0335,1.1037,1.9882,0.6615,1.1377,1.75,2.7706,2.3737,1.3532,1.3532,1.0924,0.70686,0.26464,2.0222,0.57079,0.46874,1.2738,0.79757,2.6345,1.4552,1.648,0.58213,0.76355,0.9223,0.58213,0.82025,0.44606,0.69552,2.9406,0.59347,0.16258,1.6253,0.62748,0.49142,0.41204,0.27597,2.1809,2.5324,1.047,1.7047,4.1766,1.5459,1.1377,0.9223,2.9293,2.3397,1.4552,1.0584,0.65016,0.9223,0.42338,1.0924,2.1583,2.0789,1.7727,0.75221,0.34401,0.43472,1.4326,1.9995,2.0335,1.0017,1.3985,3.0994,3.1447,2.0562,2.0222,1.3305,1.2738,1.4552,2.8386,2.9747,2.1016,1.3418,1.1491,1.8408,1.3985,1.4779,2.3397,2.9406,1.1491,2.8839,4.6982,0.99033,1.1718,3.3375,2.351,1.7274,0.87694,0.62748,0.049194,0.049194,0.09455,0.60481,0.89962,1.2058,1.1377,0.96765,0.99033,2.0449,1.1944,0.49142,0.97899,2.0675,1.0924,0.21928,-0.0075011,0.58213,0.84292,1.75,1.0243,0.049194,1.2058,0.62748
2.3349,1.9637,1.1408,-0.32756,2.5285,0.97945,4.7069,-0.63414,-0.65028,-0.94073,-0.84391,-0.86005,-0.94073,-1.0053,-0.47278,-1.086,-0.82778,-0.45665,-1.0375,-0.50506,-0.66642,-0.61801,-0.7471,-0.86005,-0.069385,0.33401,-0.21461,0.70514,-0.19847,-0.73096,-0.39039,0.47418,-0.29432,0.28206,0.52222,-0.29432,-0.91874,-0.61454,-0.31034,1.1466,-0.054166,0.63429,1.1466,0.45817,-0.42241,-0.53448,1.3708,1.4188,0.93849,-0.31034,2.3634,0.36211,0.025887,1.0666,2.2514,-0.11821,0.84243,1.739,0.41014,-0.022144,1.4668,1.1146,1.691,1.0666,1.5309,1.643,0.36211,0.9545,1.6109,1.9151,1.4668,0.76237,1.707,1.5149,1.8831,2.1393,2.0432,1.5149,1.8831,1.771,1.8351,2.1393,1.9792,1.5149,1.1947,0.92248,1.3227,1.0826,0.71434,1.6109,0.98652,1.2107,1.675,1.4989,2.4115,2.4915,2.4115,2.1713,2.4435,0.42615,1.4668,2.3794,2.6356,2.2193,0.87445,1.4668,1.2747,0.87445,0.73035,1.8991,0.44216,1.1146,1.2267,0.69833,1.739,0.89046,0.7944,0.73035,1.3067,1.4668,0.82642,0.53823,1.0986,1.0025,2.9078,0.98652,0.71434,1.9311,1.4668,1.0506,0.92248,0.44216,1.707,2.0272,1.723,1.7871,3.4682,1.2427,0.84243,0.89046,3.0039,2.1873,1.3708,1.3708,1.0826,1.6109,1.2587,1.0025,2.6516,1.4508,1.675,0.98652,1.1466,0.71434,0.53823,1.4989,1.2267,1.0025,1.4829,3.292,2.8277,1.7871,2.3794,1.4508,1.2427,1.8511,2.3955,2.3634,1.771,1.1626,1.2267,1.4188,0.9545,0.7944,2.0432,1.9151,0.90647,1.5469,3.6283,1.1626,0.87445,2.5075,2.0112,1.3708,0.87445,0.97051,0.47418,0.23403,0.15397,0.7944,1.1947,1.8031,1.1146,0.69833,0.90647,1.8031,1.1787,0.71434,1.8031,2.4915,0.60227,0.33009,0.12195,0.90647,1.1306,2.2674,0.89046,0.025887,1.3548,-0.022144
0.87277,0.65075,0.50274,0.28073,1.08,0.72476,1.3908,0.014308,-0.25211,-0.35572,-0.26691,-0.35572,-0.53333,-0.45933,-0.45933,-0.66654,-0.54813,-0.31132,-0.044897,-0.044897,-0.28171,-0.074499,-0.42973,-0.29652,0.28073,-0.23731,1.006,0.28073,-0.45933,-1.007,-0.30871,0.6312,-0.13247,0.14656,0.93961,0.16125,-0.57306,-0.07373,0.36685,1.6152,0.49903,0.93961,1.6005,0.46966,0.19062,0.36685,2.0558,2.2173,1.9823,0.29342,2.5404,1.1893,0.49903,1.4389,2.5845,0.21999,1.2186,2.0851,0.83681,0.39623,1.718,1.5858,2.3054,1.8942,1.5417,1.5858,0.99835,1.2774,1.4096,1.6152,1.4977,1.5417,2.2614,1.8648,2.5991,2.8782,3.0985,1.483,2.3788,2.0411,2.1292,2.0851,3.1425,1.9383,1.9676,1.3214,2.2467,1.1893,1.2333,2.5991,1.9236,1.7767,2.4816,2.7754,3.3922,3.4509,3.539,2.9957,3.1866,0.66057,1.6592,2.5257,3.4216,1.5124,1.3361,1.4389,1.7473,0.83681,0.76338,2.3054,0.86618,1.0424,2.0264,0.89555,2.3642,1.2186,1.2921,1.248,1.9823,1.8208,1.2921,1.2921,1.4389,1.7473,3.0103,2.0558,1.6005,2.0264,2.0264,2.0704,1.4683,1.0865,2.3495,2.467,1.9529,2.6726,3.8915,1.9383,1.7473,1.6886,2.4963,3.3188,2.2907,1.6152,1.7033,1.7473,1.7033,1.4096,2.7313,2.7754,2.2173,1.718,1.0571,0.98367,1.0571,1.8501,2.3788,1.3655,2.4229,3.6712,2.981,2.467,3.1572,1.3949,1.1599,1.4389,2.7754,2.6579,1.9823,1.9236,1.718,1.0277,1.6152,1.3214,1.4096,2.276,1.8355,1.7473,3.1866,1.6886,1.2333,2.746,1.8942,2.2467,1.013,1.0571,0.83681,0.66057,0.61652,1.3214,1.6886,1.5417,0.93961,0.89555,1.1012,1.6445,1.1893,0.91024,1.7767,2.6873,1.0718,0.55777,0.4256,0.93961,1.6005,2.0851,1.4243,0.46966,1.1012,0.36685
-0.20003,-0.36369,-0.62555,0.12729,2.1567,0.26913,1.1202,-0.6801,0.45462,0.41097,0.60737,-0.97469,-0.84377,-0.20003,-0.44007,-0.036369,0.82558,1.1747,0.71647,0.69465,-1.0074,-0.76739,-0.80012,-0.30914,0.18185,-0.73466,0.12729,0.31278,0.20367,-1.4002,1.7143,2.2556,1.1622,1.671,1.92,0.57761,-0.039474,0.15539,0.18787,1.5844,0.11209,0.90239,1.3463,0.26365,-0.13691,0.05796,2.0499,2.2773,2.234,-0.38591,3.0243,-0.071952,0.1987,0.50182,1.985,0.014656,1.1947,1.3246,0.025482,-0.10443,0.41522,0.46935,1.985,0.68587,1.6494,1.6277,2.0499,2.2881,1.2163,1.8009,1.0864,1.6927,1.1839,1.4004,1.5086,1.0323,0.62091,0.8266,1.5519,1.2921,2.2556,0.64256,1.0539,1.0756,-0.0503,-0.55912,-0.0503,-1.0571,-0.27765,0.42604,0.090437,0.45852,1.4437,1.5195,2.7645,2.8619,2.2448,1.4545,1.9742,-0.24517,1.6169,1.8984,1.4653,0.38274,0.69669,0.55595,0.8266,0.491,0.36109,1.3679,0.89156,0.13374,1.2921,0.13374,0.97817,0.88073,0.242,0.46935,0.36109,0.28531,0.97817,0.58843,0.36109,1.4112,3.6955,0.38274,0.31778,1.422,0.44769,-0.68903,0.72917,-0.11526,1.173,1.6494,1.9309,2.169,0.93486,0.52348,1.0648,1.2921,1.7143,0.92404,0.35026,-0.061126,0.54513,0.68587,-0.20186,2.2665,0.8266,1.1297,-0.21269,0.1987,0.43687,-0.093604,1.4112,1.0756,2.5912,1.671,1.8551,3.0351,3.1325,1.5303,2.2665,1.238,2.0175,1.6061,3.4898,1.671,1.7576,2.169,1.2055,2.1907,2.2665,1.8767,2.1149,1.5844,0.55595,3.2841,3.5981,1.7468,3.1325,3.6847,1.9525,3.1758,1.6061,1.1622,1.2705,1.0215,0.57761,0.43687,1.0756,0.66421,1.2163,1.9633,1.8118,1.5195,2.3206,0.44769,0.75082,1.2488,1.1839,1.2921,-0.11526,0.57761,1.736,1.0973,0.37191,1.8876,2.3639,0.94569
0.36167,0.42775,0.37489,0.16343,0.49383,0.78458,1.3132,-0.087665,0.18987,0.33524,-0.14053,-0.37841,-0.39163,-0.15374,-0.37841,0.044493,0.53348,-0.087665,0.08414,0.12379,-0.49735,-0.27269,-0.6163,-0.51057,-0.074449,-0.72202,0.031277,0.044493,-0.2859,-0.70881,0.047234,-0.22814,-0.66087,-0.26748,0.15214,0.12591,-0.37238,0.15214,-0.0052184,0.57176,-0.0052184,0.37506,0.24393,0.060347,0.099686,-0.24125,0.75534,1.0569,0.99138,0.40129,1.4634,0.28327,0.2177,0.716,1.3454,0.13903,0.78157,0.38817,0.36195,-0.13635,0.54553,0.34883,0.86024,0.72911,0.54553,0.82091,0.40129,0.50619,0.46685,0.93892,0.68977,0.67666,0.54553,0.4144,0.40129,0.45374,0.67666,0.16525,0.19148,0.62421,1.0832,0.82091,0.83402,0.59798,0.28327,-0.13635,0.19148,-0.018331,-0.018331,0.89958,0.4144,0.72911,0.55864,0.50619,1.0045,0.88647,0.86024,0.44063,1.3717,0.2177,0.83402,1.0307,1.411,0.67666,0.17836,0.37506,-0.0052184,0.086573,0.62421,1.2799,0.95204,0.25704,1.0832,0.0078947,0.42751,0.27016,0.24393,0.24393,0.63732,0.4144,0.54553,0.49308,0.58487,0.70289,1.2536,0.82091,0.87336,0.97826,0.65044,-0.25437,0.27016,0.25704,0.32261,0.96515,0.78157,0.86024,1.3585,1.1618,0.47997,0.75534,1.0963,0.47997,0.47997,0.86024,1.0045,1.2012,1.2143,0.9127,1.3848,1.5421,1.1618,0.2177,1.175,0.68977,1.2274,2.342,2.4732,2.6567,3.5353,3.3911,2.8928,2.5125,1.9355,2.8403,1.8831,1.529,1.175,1.6339,2.7092,4.2959,3.4173,3.6402,2.9321,2.2109,2.7485,2.1584,1.5946,3.5615,4.309,0.9127,1.6601,4.1647,2.4863,1.8437,0.38817,0.68977,0.40129,0.66355,0.74223,0.92581,0.96515,2.1847,1.7388,3.6271,3.85,2.5649,3.1419,0.74223,0.54553,1.5684,1.5552,1.2799,0.45374,1.6339,1.9355,1.4241,1.411,1.2012,2.4863,0.82091
0.28136,0.46632,0.4383,0.054367,0.34301,0.41027,0.40747,0.045959,-0.16142,-0.20626,-0.24269,-0.2567,-0.18384,-0.21186,-0.18664,-0.18664,-0.1446,0.076786,-0.029705,0.20289,0.11322,0.0095282,-0.026903,-0.074544,-0.091358,-0.071741,-0.071741,-0.1362,-0.17823,-0.38841,-0.15862,0.26125,0.10554,0.23066,0.047144,-0.1614,-0.25594,-0.24482,-0.25873,0.016557,-0.18921,-0.047398,-0.18087,-0.20311,-0.26151,-0.24204,-0.16696,-0.11413,-0.072423,-0.10023,-0.17531,-0.10301,-0.23092,-0.10023,-0.066862,-0.26429,-0.18643,-0.094668,-0.19477,-0.16418,-0.075204,-0.13638,-0.13638,-0.019591,0.21398,0.43087,0.28906,0.21954,0.3113,0.07495,-0.039056,0.066608,0.41419,0.30574,0.2112,0.34467,0.45868,0.069389,0.13612,0.047144,-0.089107,0.083292,0.019337,-0.019591,-0.13916,-0.05852,-0.030714,-0.066862,-0.00012709,0.083292,-0.00012709,-0.12247,-0.036275,0.0082148,-0.01125,-0.019591,0.022118,0.058266,0.072169,-0.13638,0.080511,-0.050178,-0.075204,-0.080765,-0.05574,-0.083546,-0.064081,-0.26429,-0.1336,-0.044617,-0.11691,-0.10579,0.049924,-0.050178,0.23901,0.03324,0.2112,0.3113,0.24457,0.041582,0.39472,0.36135,0.56712,0.70615,0.97587,0.99256,0.85631,0.73396,0.60049,0.16671,0.89523,0.62829,2.102,1.9018,1.3902,1.7239,1.9491,0.92026,1.7127,2.3161,2.4246,2.9529,2.3745,3.1948,3.9261,3.459,3.0363,1.7183,2.5886,2.4357,1.785,0.65888,1.9574,1.5181,2.7388,2.1827,0.98978,1.0565,0.54766,0.73118,0.63386,1.6682,1.4486,1.671,1.8045,1.126,1.5737,1.1789,0.80069,0.85909,1.0009,1.0037,0.87577,0.68391,1.6849,1.6543,1.0037,3.5563,5.0106,1.468,2.2605,6.0839,2.5608,2.1771,0.90358,0.93416,1.0065,1.0788,0.97309,1.2651,0.94529,1.5737,0.69781,1.5626,1.393,0.68669,0.36692,0.11388,-0.039056,0.052705,0.125,0.25013,-0.19755,0.1973,0.25013,0.11944,-0.052959,0.41697,0.48092,0.22788
1.8288,1.5486,1.3823,0.14768,2.0127,1.1634,2.1878,0.016344,0.20898,0.17395,-0.7104,-0.86801,-1.0169,-0.15877,-0.34265,-0.29887,-0.1938,-0.42145,-0.39519,0.27027,-0.95557,-0.95557,-0.61408,-0.94681,0.18271,-0.64035,0.17395,-0.54404,-0.33389,-1.9012,-0.23946,1.2114,-0.4219,0.47295,0.42951,0.099371,-1.004,-0.46534,-0.47403,0.55114,-0.27421,0.16019,0.14281,0.0038039,-0.56091,-0.34371,0.95079,1.055,1.2809,-0.54353,1.9151,0.064619,-0.64779,0.29919,1.5503,-0.50009,0.45558,0.93341,0.21231,-0.39584,0.75965,0.75965,1.3244,0.61196,0.16019,0.48164,0.13412,0.22969,0.90735,1.2114,0.49901,0.97685,2.6189,1.194,1.307,1.976,1.8196,1.3939,1.5676,1.4894,1.3157,1.4026,1.9846,2.0802,1.2983,0.86391,0.69884,-0.31765,1.0029,1.4807,1.2027,0.88997,1.5937,1.3939,2.5233,2.6797,2.7666,2.1584,1.9065,-0.29158,1.2983,1.8978,2.532,1.7588,0.2905,0.55114,0.9421,0.44689,0.55983,2.1323,0.49033,0.57721,1.3244,0.37738,1.4112,0.073307,1.1506,0.85522,0.95947,0.4382,1.6458,1.3417,1.0985,1.029,3.5572,2.6536,1.3939,1.8543,1.1245,0.93341,0.82916,0.71621,1.8717,2.0802,1.055,2.6189,4.0958,2.2366,1.1159,1.6458,2.6015,2.6362,1.8283,0.98554,0.63802,0.78572,-0.004884,0.51639,1.7588,1.4547,1.1593,0.55983,0.23838,-0.074387,0.55114,1.5242,2.2279,1.4894,1.4894,3.896,3.7222,2.3061,2.7926,1.1506,0.18625,1.0811,1.9673,1.8196,0.84653,0.76834,0.68146,0.42082,0.16887,0.012492,0.78572,2.0455,1.0985,1.8456,2.7666,0.85522,0.78572,2.2713,1.5937,1.0811,0.64671,0.66408,0.40345,0.029868,0.14281,1.194,1.0029,0.63802,-0.27421,0.37738,-0.10914,0.63802,0.37738,0.26444,0.37738,1.7674,0.7249,-0.10914,-0.030948,0.48164,0.95079,1.6024,1.2288,-0.23077,0.16019,0.23838
-0.067345,1.2796,0.092156,-0.10279,-0.10279,-0.10279,-0.10279,0.34913,-0.10279,-0.10279,-0.10279,-0.10279,-0.067345,-0.10279,0.49091,0.16305,-0.10279,-0.10279,-0.10279,-0.10279,-0.10279,-0.093928,-0.10279,-0.067345,-0.067345,-0.067345,-0.10279,-0.10279,-0.10279,-0.093928,-0.085074,-0.10279,-0.10279,-0.10279,-0.10279,-0.10279,-0.10279,-0.10279,-0.10279,-0.10279,-0.10279,-0.093932,-0.093932,-0.10279,-0.10279,-0.093932,-0.10279,-0.10279,-0.10279,-0.093932,-0.093932,-0.10279,-0.10279,-0.093932,-0.085074,-0.076217,-0.058502,-0.10279,0.030074,-0.10279,-0.10279,-0.10279,-0.093932,-0.10279,-0.085074,-0.093932,-0.049644,-0.058502,-0.093932,-0.093932,-0.093932,-0.10279,-0.093932,-0.076217,-0.10279,-0.10279,-0.10279,-0.10279,-0.10279,0.10093,-0.10279,-0.10279,-0.10279,-0.076217,-0.085074,-0.076217,-0.10279,-0.093932,-0.076217,-0.085074,0.021217,-0.076217,-0.031929,-0.067359,-0.10279,0.012359,-0.076217,-0.093932,0.030074,-0.085074,-0.031929,-0.031929,-0.10279,-0.076217,0.22494,-0.10279,-0.10279,-0.10279,-0.10279,-0.10279,-0.093932,0.1718,-0.10279,-0.10279,-0.10279,-0.10279,-0.10279,-0.10279,-0.10279,-0.10279,-0.093932,-0.10279,-0.10279,-0.10279,-0.10279,-0.10279,-0.10279,-0.10279,-0.10279,0.065505,-0.10279,0.047789,-0.10279,-0.076217,-0.10279,-0.10279,-0.10279,-0.085074,-0.093932,-0.10279,-0.10279,-0.10279,-0.10279,-0.076217,-0.076217,-0.10279,-0.049644,-0.076217,-0.067359,-0.085074,-0.076217,-0.014214,-0.040786,-0.10279,0.038932,1.1018,2.1736,5.3623,4.1843,2.7316,2.1116,1.3144,1.8902,0.68554,0.47295,4.7335,3.8831,2.5191,0.66782,3.5908,0.85383,0.86269,0.41095,0.49953,0.056647,0.33123,0.68554,0.65896,0.8184,0.74754,0.76525,3.0062,3.5377,5.0612,3.2099,4.2817,0.90697,-0.023071,-0.049644,2.8645,1.5181,0.1718,-0.058502,0.19837,1.9876,0.80954,0.41981,0.31352,0.074362,0.14522,0.18065,0.012359,-0.093932,0.056647,-0.058502,-0.10279,-0.10279,-0.10279,-0.093932,0.14522
-0.19677,-0.0088617,0.65786,0.20549,-0.08124,0.025936,-0.024173,-0.1397,-0.18146,-0.2079,-0.21069,-0.22043,-0.19259,-0.21208,1.6169,-0.072889,0.0022734,0.034287,0.016192,0.018976,0.24307,0.081611,-0.18285,-0.18981,-0.21765,-0.090983,-0.1912,-0.078456,-0.074281,-0.12856,0.045311,0.15105,0.2234,0.85228,0.75072,0.65193,1.7246,1.3045,0.20114,0.059224,-0.12443,-0.15782,-0.13834,-0.17452,-0.15504,-0.14391,-0.14252,-0.071561,-0.065995,-0.12304,-0.15504,-0.077126,-0.15782,-0.16478,-0.16061,-0.17174,-0.13834,-0.20235,-0.20513,0.39593,0.93855,-0.10495,-0.16339,-0.097996,1.8137,0.077312,0.45158,-0.1133,-0.13417,-0.1453,-0.11747,0.15244,0.19418,0.29297,1.676,1.7093,3.2607,1.7316,5.2322,2.7069,0.26653,-0.035386,0.65611,-0.11747,0.51419,0.34027,-0.006168,-0.092431,0.071746,-0.12026,-0.042343,0.50306,-0.12861,-0.13695,0.25401,-0.13417,0.63524,0.12462,-0.13834,-0.11887,0.40984,-0.13139,-0.088257,2.0224,2.2923,1.7692,3.3483,0.92881,2.5274,3.9021,2.7445,1.4241,1.7469,0.99698,1.1097,0.58654,1.285,0.43349,0.087051,0.035572,1.3768,1.932,2.1434,2.661,2.6694,2.9407,2.4342,1.4158,0.68254,1.2335,0.12323,0.0091366,0.56706,2.8864,1.5452,0.81472,0.31106,-0.025647,-0.0075594,0.32636,0.17192,-0.049299,-0.013125,-0.14948,-0.085474,2.1838,-0.162,-0.14669,-0.12582,-0.011733,-0.13834,-0.13695,-0.10217,0.028615,1.4589,1.8151,2.2227,1.566,0.62689,0.58236,0.5281,-0.043734,0.97889,1.4186,1.3824,0.82724,0.25958,0.27349,0.93159,0.36393,-0.20791,0.30132,0.66028,-0.20652,1.2001,-0.20652,-0.18843,-0.18982,-0.21208,-0.20095,1.1055,0.77854,2.0405,1.3754,2.3605,1.8499,0.63802,0.98168,1.0457,0.69367,0.02305,0.80359,1.1862,1.1723,0.23871,3.3817,3.8826,0.79385,0.36114,0.19697,0.63802,0.45575,-0.17591,1.6704,3.1118,2.7946,0.36671,-0.092431,1.0985,-0.17591
-0.17354,0.46315,0.83432,0.21988,-0.053984,-0.063715,-0.24861,-0.11654,-0.29587,-0.19717,-0.11793,-0.14017,-0.14712,-0.13044,0.30328,0.0071825,0.028035,0.27409,0.083641,0.034986,-0.0067191,-0.085958,-0.19439,-0.11376,-0.18188,0.043326,-0.14017,0.046107,0.096152,-0.026181,-0.056884,-0.03743,-0.081897,0.059841,0.026491,-0.1083,0.082075,0.070958,-0.047157,-0.091624,-0.16388,-0.24865,-0.20974,-0.24448,-0.23197,-0.1889,-0.21669,-0.15693,-0.18473,-0.19029,-0.2278,-0.20418,-0.24587,-0.25143,-0.23892,-0.26115,-0.27088,-0.28756,-0.282,-0.034651,0.6254,0.073737,-0.068001,-0.11803,0.18768,-0.047157,-0.11803,-0.095793,-0.23753,-0.25282,-0.2417,-0.16666,-0.23753,-0.2278,-0.20279,0.12654,-0.058274,-0.13053,0.057062,0.015374,-0.26115,-0.28339,-0.26115,-0.29589,-0.26671,-0.2681,-0.28617,-0.27088,-0.2681,-0.27505,-0.24448,-0.21113,-0.19584,-0.20001,-0.19029,-0.1486,-0.098572,-0.093014,0.018154,-0.041599,0.12098,8.8833e-05,0.17796,0.29051,0.36416,0.054283,0.070958,-0.13192,-0.10691,-0.076339,-0.12914,-0.12497,0.32386,0.33498,0.4128,0.31553,0.44754,0.49478,0.36833,0.23632,0.56287,0.55592,0.51424,0.56843,0.54898,0.56565,0.44337,0.30441,0.19046,0.055672,-0.081897,-0.068001,-0.12636,0.02927,-0.052716,-0.091624,-0.14165,-0.15832,-0.21113,-0.20835,-0.22086,-0.24726,-0.26532,-0.25976,-0.25976,-0.18195,-0.27644,-0.26671,-0.24726,-0.2417,-0.20974,-0.17778,-0.19723,-0.21252,-0.14304,1.0465,2.5111,4.4968,4.519,2.6,2.6889,1.3258,2.7084,2.4861,1.9427,3.9576,3.3712,3.7548,2.4749,3.424,0.82551,0.96307,0.76575,0.59761,1.0312,0.59483,0.70461,0.62957,0.59344,0.76019,0.95613,2.8362,3.0475,3.884,3.1475,4.1911,1.4453,1.3466,1.1521,1.2716,1.1312,1.0729,1.0187,1.2368,1.0867,1.6342,1.8357,0.56565,0.41836,0.23354,0.36416,1.6065,0.51563,1.3577,1.1479,0.76853,0.10014,-0.20696,-0.1083,0.24883
-0.42343,0.096006,1.2746,1.1492,0.0064482,0.77307,1.0095,-0.065198,-0.3088,-0.24073,-0.29447,-0.42701,-0.40194,-0.47,-0.19774,-0.36253,-0.31596,0.25363,0.031525,-0.20133,0.010031,-0.24073,-0.26581,-0.20491,-0.17267,-0.058034,0.010031,0.088842,0.042272,-0.093857,0.13867,0.27474,0.264,0.51824,0.33204,0.40724,0.45021,0.51108,0.36785,0.36427,0.20313,-0.0045655,0.16374,0.21029,0.12077,0.063471,0.19238,0.30339,0.41082,0.16732,0.21745,0.16732,0.16732,0.009758,0.095699,-0.058279,0.25326,-0.047536,0.10286,0.6579,0.69729,0.34636,-0.10125,-0.036793,0.027662,0.28549,0.088537,0.32129,0.13509,0.15657,0.16374,0.45737,0.31055,0.38933,0.038405,0.98376,0.72593,0.40007,0.34278,0.99808,-0.20509,-0.16571,-0.06544,-0.26239,-0.076183,-0.21226,-0.24807,-0.12632,-0.28029,-0.21942,-0.15496,-0.086926,0.041986,-0.015308,-0.083345,0.052729,0.18522,-0.02247,0.25326,-0.0009846,0.24968,0.049148,0.20313,0.30697,0.45379,0.18164,0.14583,0.081376,0.3392,0.11718,0.15299,0.50034,0.45737,0.3571,0.36785,0.55047,0.27474,0.60418,0.37143,0.16732,0.264,0.18164,0.027662,0.32846,0.58986,0.76532,0.79755,0.60777,0.51108,0.36785,0.3392,0.3392,0.049148,0.42156,0.43946,0.29981,0.15299,0.070633,0.11718,0.095699,0.09928,-0.086926,0.11002,-0.026051,-0.033213,-0.058279,-0.047536,-0.069021,0.092118,0.29265,0.19596,0.22103,0.11718,0.19238,0.23177,1.8253,2.7276,4.4823,3.1896,2.81,2.3051,2.0007,3.5011,3.6479,3.1967,3.2898,3.1502,3.0499,3.7482,2.366,0.99808,1.7322,1.2165,0.96943,1.3347,0.91572,0.93721,1.0088,1.0769,1.2846,1.6247,3.0141,3.6551,2.3338,3.9237,3.4725,1.7071,2.1296,2.5414,1.8969,1.9649,2.0974,2.4806,2.033,1.7644,2.3051,1.879,0.81188,0.49318,0.44304,0.5075,0.94079,0.54689,1.1771,1.9721,1.4385,0.45379,-0.076183,0.39291,0.070633
-0.94348,-0.41294,0.52117,2.0085,-0.24063,0.36246,0.39874,-0.53084,-0.7621,-0.49003,-0.6442,-0.82105,-0.67595,-0.60793,-0.01844,-0.41294,-0.022975,1.2331,0.054112,-0.27237,0.50756,-0.45829,-0.4855,-0.38574,-0.54898,0.21282,1.0109,1.6729,1.1288,-0.37667,-0.4132,-0.41774,-0.28629,-0.046057,-0.1775,-0.20017,-0.26816,0.33922,0.46614,0.59759,0.34829,0.5024,0.45707,0.34829,0.82422,0.48427,0.076326,0.089924,0.41174,0.57492,0.71997,0.76983,0.56132,0.45254,0.46614,0.19418,0.012868,-0.35881,-0.48573,0.76529,2.0662,0.4752,-0.39961,-0.32708,0.058195,0.094457,0.43441,0.42534,0.017401,-0.036991,-0.31802,0.2803,0.44801,0.86048,0.86048,2.048,1.0509,0.74716,1.6537,1.6401,0.45254,-0.24549,-0.11858,-0.21377,-0.28176,-0.24096,0.085391,0.18058,-0.091384,-0.077785,0.45707,0.9874,0.53866,0.60212,0.50693,0.91487,1.3364,0.57039,0.60665,1.0373,1.2458,1.3364,1.9075,1.6129,2.2112,0.99646,1.5268,1.5766,1.6084,1.9891,1.1506,1.3183,1.2548,1.9665,2.2384,2.7733,2.2837,3.5438,2.8458,2.2747,1.5494,1.631,0.81515,0.44347,0.50693,1.1415,1.3002,1.6809,1.699,2.6781,2.3245,2.3699,1.9755,2.4515,1.7444,1.5721,1.2095,0.14885,0.17605,0.41628,1.1415,0.63838,0.7245,0.035532,-0.064187,0.60212,-0.2047,-0.34521,-0.47213,-0.38148,-0.35428,-0.32708,-0.095916,0.60665,0.6973,3.0271,4.3235,3.7841,5.2844,2.048,0.32109,0.46614,1.8305,1.8577,2.3699,2.8639,1.7851,1.3047,0.21231,0.9738,-0.44947,0.30749,-0.077785,-0.073253,0.56132,0.18058,-0.091384,-0.10498,-0.12765,-0.050589,0.34829,1.5177,0.87861,0.52506,0.40268,1.0735,0.59759,1.6356,1.3364,0.84688,0.15791,0.47067,0.77436,0.29843,0.33469,0.62931,0.9738,-0.40867,-0.50386,-0.67157,-0.61718,0.57492,0.42534,0.42988,0.76983,1.9574,0.23044,-0.58998,1.4271,0.34375
0.3295,1.5337,-0.017038,-0.58016,-0.069018,-0.50219,-0.76209,3.0498,0.90128,0.060932,1.7763,0.88395,1.1092,1.0312,0.32083,0.65004,-0.77941,-0.78808,-1.2732,-1.074,-1.3945,-0.56283,-0.60615,-0.57149,-0.74476,-0.41555,-0.7361,-0.12966,-0.095008,-0.5455,0.025543,-0.24291,-0.53735,-0.23425,-0.061056,-0.052396,0.10348,0.81359,0.53647,-0.56333,-1.1435,-1.0829,-1.1782,-1.2561,-1.031,-1.2821,-1.1089,-1.1002,-1.0743,-1.1262,-1.1176,-1.0569,-1.2648,-1.2908,-1.1782,-1.0829,-1.3774,-1.1349,-1.3167,-0.20827,-0.078375,-1.2042,-0.83178,-0.79714,-0.24291,-0.91838,-1.005,-1.1349,-1.031,-1.1435,-1.0916,-0.8058,0.094821,0.50183,0.23338,3.0998,2.8054,2.8919,2.7361,4.5113,0.64905,0.31998,0.18142,-0.21693,-0.30353,-0.56333,0.2507,0.96081,-0.069715,-0.12167,-0.0090966,0.30266,0.0082231,0.2074,-0.035076,0.086162,0.31998,0.077502,-0.36415,-0.28621,-0.069715,0.086162,0.0082231,0.65771,1.0647,0.58843,0.13812,-0.00043677,0.042862,-0.19961,0.025543,1.3332,2.7794,1.974,1.7229,3.4115,1.4891,2.6235,1.9047,1.0561,1.108,0.70101,-0.087035,-0.40745,-0.32085,0.53647,0.12946,0.35462,0.69235,0.34596,0.64905,0.40658,-0.017756,0.47585,-0.043736,0.76163,0.98678,0.53647,0.57977,-0.14765,0.48451,-0.25157,0.82225,-0.22559,-0.39879,-0.21693,-0.29487,-0.11301,-0.27755,-0.31219,-0.095695,-0.052396,-0.22559,-0.31219,-0.19961,0.94349,1.8961,2.0693,1.922,1.0474,0.94349,0.3806,0.78761,0.53647,0.57111,1.2466,1.2985,1.0474,0.40658,0.38926,-0.36415,0.31998,-0.59797,-0.39879,-0.28621,-0.48539,-0.65858,-0.64992,-0.49405,-0.68456,-0.043736,1.0907,0.95215,1.1773,0.76163,1.082,0.37194,0.23338,0.51915,1.0734,1.1686,1.1513,0.55379,0.57111,0.46719,0.83091,0.73565,-0.061056,-0.55467,-0.13899,-0.14765,0.53647,-0.035076,0.31132,1.0214,1.8008,0.31998,-0.43343,0.35462,-0.65858
-0.29356,-0.11608,-0.50776,-0.40984,-0.37312,-0.4282,-0.48328,2.5033,0.44085,-0.17728,1.1141,0.33681,1.316,1.4445,0.33069,1.3956,0.34293,0.12261,-0.95453,-0.84437,-1.0219,-0.56897,-0.61793,-0.66689,-0.66689,-0.37312,-0.28744,0.31845,-0.13444,-0.74033,-0.46528,-0.4714,-0.55093,-0.33681,-0.28787,-0.50199,-0.25728,0.2566,0.18319,-0.3674,-0.85681,-0.74669,-0.69163,-0.77728,-0.67328,-0.66716,-0.88128,-0.8201,-0.70999,-0.55093,-0.60599,-0.58152,-0.59375,-0.9241,-0.78951,-0.85069,-1.1076,-0.94246,-1.0465,-0.34905,0.036365,-0.96693,-0.69163,-0.69163,-0.59375,-0.85681,-0.89351,-0.8201,-0.8201,-0.81399,-0.98528,-0.83846,-0.64269,-0.28175,-0.030929,1.5658,0.82554,0.5686,0.9173,1.0764,-0.085988,-0.35516,-0.34293,-0.39799,-0.68552,-0.50199,-0.37963,-0.37352,-0.4041,-0.35516,0.0057769,0.29331,0.097541,0.31166,0.44013,0.75825,0.84389,0.92342,0.35448,0.17095,0.28719,0.63589,1.2721,1.1742,1.7615,0.90507,0.69707,1.3761,1.3578,1.2048,1.6637,1.9022,1.3578,1.4312,1.3088,2.6853,3.0585,2.7098,2.1959,1.6759,1.3455,0.75213,0.16484,-0.61822,-0.24505,0.042483,0.0057769,0.31778,0.10978,0.94177,0.97236,0.92342,0.44625,1.1192,0.91119,1.0458,0.96013,0.14036,0.51966,0.11589,0.20154,-0.10434,0.25048,-0.59375,-0.39799,-0.58152,-0.63046,-0.70999,-0.66104,-0.72222,-0.67328,-0.67328,-0.46528,-0.23893,-0.28787,1.7309,3.3093,5.3587,3.7436,1.9328,0.37895,0.18319,0.86836,0.6053,1.2109,1.6331,1.2782,0.74601,0.10978,0.52578,-0.34905,0.16484,-0.20834,-0.092105,0.19542,0.054718,0.073071,-0.030929,-0.07987,0.14036,0.39731,1.2599,1.0091,0.42789,-0.049282,0.84389,0.23213,1.266,1.4006,0.34836,-0.049282,0.95401,1.0886,0.65425,0.61754,0.56248,-0.061517,-0.39187,-0.7161,-0.68552,-0.89351,0.39119,0.14036,-0.30622,0.32389,3.7436,1.2721,-0.23893,1.107,0.091424
-0.98551,-0.0054954,-0.10624,0.26012,-0.12456,-0.3169,-0.3169,2.9437,0.058618,-0.19783,0.34255,-0.23447,0.10441,-0.078768,0.15021,0.14105,0.17769,1.0295,-0.57335,-0.39933,-0.53672,-0.50008,-0.41765,-0.20699,-0.5642,0.27843,-0.41765,0.095254,0.60816,-0.20699,-0.31727,-0.34474,-0.57362,-0.1067,-0.16163,-0.31727,0.5891,1.4863,0.99194,0.51586,0.17711,0.25951,0.012319,-0.16163,0.021474,0.44262,0.43346,0.42431,0.44262,0.1588,0.25951,0.37853,0.35107,0.1588,0.36022,-0.15248,-0.6194,-0.68349,-0.66517,1.0743,1.7976,-0.033458,-0.17079,-0.25319,0.27782,-0.29896,-0.1891,-0.28065,-0.51869,-0.15248,-0.50953,0.21374,-0.42714,-0.47291,-0.33558,2.997,2.1089,2.2828,2.3835,2.0082,0.7539,0.49755,0.73559,0.45177,0.46093,0.16796,0.26867,0.17711,0.25036,0.13134,0.26867,0.021474,0.406,0.030629,0.406,0.47924,0.35107,0.77221,0.82714,0.72643,0.99194,0.59826,1.2208,1.4589,1.7793,0.97363,0.84545,1.1201,1.3307,0.86376,1.0194,1.8342,2.2371,1.7427,1.2666,3.7294,2.173,3.354,2.0265,1.3673,1.5229,0.99194,0.69897,0.64404,0.70812,0.406,1.2483,2.1364,0.82714,0.79968,0.69897,0.96447,0.78137,1.5687,1.0835,1.8617,2.0723,1.2391,1.1476,1.0194,0.92785,0.91869,1.0102,0.29613,0.17711,-0.015147,0.36938,0.26867,0.17711,0.44262,0.45177,0.012319,0.55248,0.62572,1.2758,1.5138,2.2096,4.4801,4.0681,2.3927,2.0906,1.4497,2.1455,1.349,1.5321,3.1343,3.0702,2.7955,1.8342,2.118,0.28698,0.74474,0.55248,0.28698,0.42431,0.18627,0.094717,0.406,0.59826,0.99194,0.86376,2.6124,3.6928,2.7955,1.6053,2.8138,1.3124,1.761,1.468,1.6053,1.4955,2.0906,1.8342,1.4589,1.5138,1.6969,0.65319,0.076406,0.11303,-0.32643,-0.15248,1.3948,0.13134,0.64404,0.84545,1.8434,1.1934,-0.033458,1.056,0.14049
-1.1785,0.89807,1.0037,1.338,0.14137,0.19416,0.070977,1.0037,-0.45695,-0.1226,0.26455,-0.17539,0.05338,-0.36896,0.33494,0.26455,0.15897,0.79248,-0.40416,-0.73851,0.21176,-0.33377,-0.47455,-0.50975,-0.61533,-0.15779,-0.52734,-0.052206,0.00058659,-0.61533,0.28123,-0.17612,-0.52793,0.24605,-0.24649,-0.29926,0.93208,1.8116,0.8969,0.36918,0.8969,0.38677,-0.15853,0.42195,-0.15853,0.10533,0.22846,0.47473,1.4598,0.47473,0.017373,0.58027,0.50991,0.034963,-0.035399,-0.45757,-0.95011,-1.0556,-0.82697,-0.035399,1.0904,0.070144,-0.49275,-0.45757,0.40436,-0.49275,-0.42239,0.017373,-0.75661,-0.29926,-0.35203,0.79136,0.12292,-0.088171,0.45714,1.6533,1.794,2.0579,3.0078,2.9374,0.63304,0.59786,0.5275,0.35159,0.24605,0.28123,0.1581,0.63304,0.21087,-0.28167,0.28123,0.35159,0.087735,-0.29926,-0.42239,-0.05299,0.35159,0.26364,0.1581,0.50991,0.29882,-0.17612,0.96726,1.495,1.7764,0.79136,1.495,0.68581,1.5477,1.9523,1.882,2.3217,2.1458,2.4625,2.269,0.86172,1.0552,1.2311,1.5126,1.9699,1.3367,2.3041,1.4774,1.5302,1.882,2.0579,2.0227,1.407,2.7087,2.3921,1.02,1.1608,1.2663,1.6005,3.0429,1.6181,1.9347,1.4246,1.3367,0.96726,1.0552,1.2311,1.407,0.56268,0.56268,0.98485,0.31641,-0.00021795,0.1581,0.61545,0.47473,0.80895,0.54509,0.56268,1.9699,3.1485,2.9374,0.87931,2.0579,2.0579,1.6181,1.3015,1.8292,2.7439,2.955,2.6032,1.6709,1.3718,1.6885,1.3543,-0.35203,0.50991,-0.05299,-0.43998,0.26364,-0.82697,-0.35203,-0.17612,-0.58071,-0.58071,0.35159,1.2311,1.794,1.6533,2.5152,1.4598,0.66822,0.87931,1.6709,1.3894,1.2135,1.7237,2.4625,1.495,1.3543,2.7615,2.2162,0.43955,0.36918,-0.49275,-0.088171,0.50991,0.75618,1.8644,3.3596,2.8846,0.63304,-0.19371,1.8468,-0.29926
-1.3108,0.94196,0.69958,0.91344,0.24333,-0.29846,-0.49807,2.5816,-0.041822,0.057981,0.58551,-0.26994,-0.098853,-0.12737,0.98473,0.41442,0.057981,1.0703,-0.9258,-0.91154,-0.95431,-0.74045,-0.51233,-0.45529,-1.0399,-0.26994,-0.52658,0.30036,0.44294,-0.31272,-0.028419,-0.66975,-0.59849,-0.42747,-0.12818,-0.49873,0.57016,1.2115,1.183,0.22812,0.27087,-0.014167,-0.51298,0.085597,-0.25645,0.099848,-0.14243,0.54166,0.51315,0.085597,-0.056922,-0.056922,0.19961,-0.099678,-0.099678,-0.56999,-1.2826,-1.0973,-0.85503,0.66992,1.7958,-0.21369,-0.61275,-0.68401,0.1426,-0.78377,-0.28495,-0.14243,-0.72676,-0.028419,-0.41322,0.59866,-0.11393,-0.55574,0.21386,3.0357,3.2068,3.0215,4.0476,3.0357,0.58441,0.22812,0.51315,0.24237,-0.17094,-0.37046,1.9098,2.2519,0.55591,-0.45598,-0.11393,-0.32771,0.014337,-0.49873,-0.34196,-0.44172,-0.38472,0.55591,0.4704,-0.39897,0.61292,-0.2422,0.65567,1.297,1.4965,-0.014167,1.183,0.25662,0.21386,0.099848,-0.2992,1.3398,2.6224,1.4253,1.4823,3.1498,2.5369,1.5678,1.2115,0.8837,1.2543,0.64142,0.15686,0.085597,0.099848,0.41339,0.81244,1.0262,1.1117,0.76969,0.085597,0.071345,-0.28495,1.2543,0.65567,1.1117,1.2685,1.0547,0.4989,0.28512,0.54166,0.31363,1.1545,-0.6555,-0.25645,0.12835,-0.28495,-0.099678,-0.11393,-0.34196,-0.21369,-0.31346,-0.15669,0.071345,0.28512,1.3398,1.8528,3.335,2.6082,1.0975,1.3255,0.31363,0.69843,0.76969,0.042841,1.4253,1.9668,1.3683,0.81244,1.0405,-0.59849,0.38489,-0.69826,-0.99755,-0.85503,-1.2256,-1.1971,-0.98329,-0.6555,-0.96904,-0.76952,1.126,2.2804,1.3968,0.44189,2.0381,0.29937,0.21386,0.61292,1.525,1.069,0.38489,0.099848,-0.056922,0.35638,2.1236,2.0951,-0.52723,-0.75526,-0.89778,-1.0546,0.62717,-0.19944,0.72693,1.4253,1.9953,-0.085426,-0.61275,0.35638,-0.54149
-0.1335,-0.039191,0.020539,0.17458,0.014251,0.026826,-0.026617,0.033114,-0.010898,-0.064341,0.086556,-0.045479,0.051976,-0.080059,0.02997,0.058263,0.11799,0.15257,-0.014042,-0.073772,-0.036048,-0.058053,-0.08949,-0.086347,-0.070628,0.099131,-0.086347,0.007964,0.055119,-0.014042,0.045587,0.029874,-0.026689,0.055014,0.095865,0.051871,0.08958,0.21528,0.11158,0.083296,-0.0046921,0.02359,0.02359,0.042444,-0.036116,0.029874,0.01102,0.029874,0.121,0.026732,-0.014119,0.095865,-0.014119,-0.0015497,0.02359,-0.09268,-0.12096,-0.10839,-0.089537,0.033017,0.22785,0.0015927,-0.10525,-0.09268,0.070726,-0.045544,-0.032974,-0.023547,-0.10839,-0.061256,0.0015927,0.13043,0.058156,-0.026689,0.064441,0.3504,0.26556,0.33783,0.31898,0.6395,0.36926,0.35983,0.27498,0.19328,0.23413,0.17128,0.20585,0.18385,0.15243,0.121,0.25927,0.20899,0.18071,0.14929,0.23099,0.24984,0.30955,0.28127,0.30955,0.26241,0.20271,0.14929,0.33155,0.38811,0.60494,0.65522,0.79977,0.6395,0.82491,0.97574,0.91289,1.0135,1.07,1.1266,1.048,0.87204,0.85319,1.1549,0.77777,0.92232,1.3246,1.356,1.3591,1.2963,1.4377,1.246,1.1926,1.1203,1.0197,1.1266,0.77148,0.70549,0.92861,1.6702,1.4094,1.0606,0.87204,0.91604,0.94746,1.18,1.3623,1.0637,0.92546,0.55152,0.77148,1.4848,0.5798,0.6835,0.76206,0.78405,0.6395,0.85633,0.65207,0.90661,1.5759,1.7048,1.9625,1.4565,2.0379,1.8148,1.8619,1.2114,1.7519,2.0127,2.1604,2.6946,1.9467,2.019,2.902,2.6507,0.76834,1.1172,1.0763,0.93489,1.5194,0.67721,0.67407,0.87833,0.84062,0.96631,1.9467,2.6821,4.9666,3.6782,4.8849,3.5431,2.4213,2.7544,2.547,2.6129,1.6702,2.305,2.6601,2.6852,1.9845,3.7348,4.2878,1.4251,1.2523,0.74949,1.2083,2.0787,1.1234,2.1667,3.5368,3.6625,1.3497,0.49495,2.0002,1.2523
0.025756,-0.0018397,-0.0018397,-0.0018397,-0.0018397,-0.0018397,-0.0018397,-0.0018397,-0.0018397,-0.0018397,-0.0018397,-0.0018397,-0.0018397,-0.0018397,-0.0018397,-0.0018397,-0.0018397,-0.0018397,-0.0018397,-0.0018397,-0.0018397,-0.0018397,-0.0018397,-0.0018397,-0.0018397,-0.0018397,-0.0018397,-0.0018397,-0.0018397,0.025756,0.66019,1.0188,1.3498,1.1567,1.736,2.067,1.3774,0.16367,0.053329,0.025745,-0.0018397,0.1085,-0.0018397,-0.0018397,0.053329,0.053329,0.21884,-0.0018397,0.053329,0.053329,0.32917,0.24642,0.025745,0.025745,-0.0018397,0.025745,0.1085,-0.0018397,0.16367,0.85328,-0.0018397,-0.0018397,0.053329,-0.0018397,0.080914,0.053329,0.053329,0.080914,0.1085,0.274,0.053329,0.13608,-0.0018397,0.274,0.1085,0.053329,0.21884,0.1085,0.080914,0.025745,0.025745,-0.0018397,0.19125,-0.0018397,0.24642,0.025745,0.35676,-0.0018397,0.080914,0.19125,0.080914,0.38434,0.080914,0.025745,0.080914,0.1085,0.24642,0.38434,0.35676,0.43951,0.6326,0.1085,1.5981,0.32917,0.080914,0.025745,-0.0018397,-0.0018397,-0.0018397,-0.0018397,0.080914,-0.0018397,0.025745,-0.0018397,0.025745,-0.0018397,0.025745,-0.0018397,-0.0018397,0.025745,0.025745,0.025745,-0.0018397,-0.0018397,-0.0018397,0.080914,0.1085,0.025745,0.053329,0.4671,0.080914,0.080914,0.025745,0.025745,0.19125,0.080914,-0.0018397,-0.0018397,-0.0018397,-0.0018397,-0.0018397,0.053329,-0.0018397,-0.0018397,-0.0018397,-0.0018397,-0.0018397,-0.0018397,0.025745,0.025745,-0.0018397,-0.0018397,0.053329,0.1085,-0.0018397,-0.0018397,0.1085,-0.0018397,0.025745,-0.0018397,0.35676,0.43951,3.1152,1.267,0.96362,1.736,1.9015,1.8187,1.1567,5.1289,2.6463,1.4877,2.2877,1.9567,1.9567,1.7084,1.2395,1.6808,2.3428,1.7084,0.6326,2.067,1.6256,1.4326,1.5705,2.2877,3.6669,1.9567,3.4462,3.6117,2.5359,1.2119,3.06,3.6945,2.4808,3.4462,3.7772,2.3704,2.1773,0.9912,2.1497,1.4877,2.2877,2.0946,3.2255,2.5635,2.6463,0.49468,0.88086,0.13608
-0.21223,0.12953,-0.61728,-0.22489,0.59787,0.39534,-0.0097043,2.3573,0.26877,0.25611,2.5345,0.68647,0.83837,1.1295,0.63584,1.0156,-0.35146,-0.83246,-1.0856,-1.1869,-1.3261,-0.59196,-0.85777,-0.4907,-0.5793,-0.19957,-1.0223,0.12953,-0.26286,-1.1236,0.81191,0.052755,-0.26356,0.2805,0.41968,0.30581,1.0523,1.5584,0.72335,-0.21295,-0.79497,-0.95946,-1.048,-1.2505,-0.95946,-1.0733,-0.97211,-0.99741,-0.93415,-0.89619,-1.1366,-1.086,-1.1872,-1.1872,-0.90885,-1.2378,-1.4782,-1.0101,-1.2125,0.10337,0.065408,-1.1872,-0.98476,-1.0227,-0.25091,-1.0733,-0.79497,-0.99741,-1.3517,-1.415,-1.0227,-1.0733,-0.49131,-0.12438,0.052755,1.7482,2.6719,2.1657,3.178,3.0514,-0.21295,-0.17499,0.040102,-0.39009,0.14132,-0.023161,-0.035814,0.2805,-0.27621,0.040102,0.16663,0.02745,-0.023161,0.2552,0.014797,0.38172,0.41968,-0.27621,-0.27621,-0.30152,-0.42805,0.24254,0.74865,1.1662,0.9764,0.63478,0.5209,0.12867,0.11602,0.31846,0.24254,1.6723,2.3935,0.90048,1.2421,3.7726,2.6719,3.3804,1.6723,1.2548,1.4319,1.5837,1.356,0.5209,1.4572,1.5331,1.2801,0.88783,0.77396,0.79926,0.72335,0.24254,-0.073772,1.5458,0.17928,0.74865,0.72335,0.20459,0.67273,0.47029,0.78661,0.2805,1.2674,0.090713,0.20459,0.065408,-0.23826,-0.073772,0.17928,-0.13703,0.30581,-0.023161,-0.035814,-0.52927,0.052755,0.93844,1.4066,2.3808,1.9633,1.1915,1.0776,0.41968,1.065,0.77396,0.68539,2.0392,1.3813,1.1535,1.9886,0.88783,0.22989,0.59682,-0.048466,0.19193,0.22989,0.19193,0.02745,0.90048,0.16663,-0.57988,0.41968,1.2927,1.0397,1.318,1.0523,1.4066,0.74865,0.36907,0.83722,0.82457,0.69804,1.1156,0.30581,0.50825,0.59682,0.83722,1.4192,0.43233,0.41968,0.34377,0.39438,1.2421,0.30581,0.95109,1.7103,2.2923,0.81191,-0.035814,0.014797,-0.25091
0.39456,2.0777,-0.053556,-0.94979,-0.18471,0.55851,0.077601,2.0668,0.38363,-0.54539,2.2635,0.96291,1.5531,0.9957,0.8864,2.3947,0.32898,-1.4526,-1.7695,-1.2886,-1.4198,0.012023,-0.78585,-1.1137,-1.2886,-0.96072,-1.234,-0.18471,-0.67655,-1.0482,-0.065427,-0.32763,-1.0706,-0.32763,-0.17468,-0.45874,0.164,0.25141,-0.39319,-0.99408,-1.6714,-1.6933,-1.7588,-1.7916,-1.5513,-1.5731,-1.7916,-1.7261,-1.89,-1.6496,-1.6824,-1.9009,-1.9009,-1.7916,-1.8572,-1.7042,-2.0429,-1.7698,-1.737,-1.3983,-0.81927,-2.0211,-1.5513,-1.5731,-0.76465,-1.6059,-1.5622,-1.7916,-1.9118,-1.8135,-1.737,-1.737,-0.043577,0.67749,-0.34949,0.45899,0.65564,0.21863,-0.043577,0.49176,-0.31671,-0.34949,-0.37134,-0.90668,-0.95038,-0.76465,-0.58984,-0.32763,-0.49151,-0.24023,-0.12005,-0.054502,-0.33856,0.25141,-0.27301,-0.27301,-0.44781,-0.49151,-0.84112,-0.72095,-0.65539,-0.27301,-0.065427,0.41529,0.88507,0.25141,-0.28393,0.01105,-0.15283,-1.0596,-0.29486,0.81952,0.44806,0.55732,0.38251,0.69934,0.53546,0.37158,0.46991,-0.065427,0.26233,-0.043577,-0.27301,-0.95038,-0.61169,-0.054502,-0.46966,-0.72095,-0.24023,0.10938,-0.065427,-0.49151,-0.51336,-0.53522,0.10938,-0.15283,0.17493,-0.42596,0.24048,-0.56799,-0.032651,-0.81927,-0.065427,-0.76465,-0.73187,-1.0378,-0.9176,-1.1252,-0.65539,-0.79742,-0.65539,-0.71002,-1.3109,-0.9176,-0.72095,-0.44781,0.45899,0.043826,0.24048,0.54639,0.48084,-0.64447,-0.16375,-0.79742,-0.7865,0.27326,0.25141,-0.56799,-0.69909,-1.2672,-1.3655,-1.1907,-1.5513,-1.5622,-1.3218,-1.2781,-1.1033,-1.8135,-1.6933,-1.5622,-0.63354,-0.45874,-0.79742,-0.31671,-0.41504,0.74305,-0.10913,-0.20746,0.51361,1.0927,1.5406,0.59009,-0.88483,-0.30578,1.6061,5.135,2.7096,0.42621,-1.1907,-0.95038,-0.9176,-0.49151,1.191,1.333,0.7649,0.56824,0.19678,-0.7865,-0.40411,-1.2344
-1.2695,-0.36148,0.20138,1.4922,-0.30144,1.2145,1.1395,3.3834,0.11882,-0.5641,1.3946,-0.52658,-0.38399,-0.4065,0.043777,0.7267,1.7473,0.57661,-0.89431,-0.77423,-0.82677,-0.91682,-0.80425,-0.62414,-0.94684,-0.60913,-0.8793,-0.32395,0.013759,-0.63915,-0.0019157,-0.21196,-0.48952,-0.069431,0.0055859,-0.054427,0.5007,1.1833,0.92829,0.56071,-0.24947,-0.30198,-0.33199,-0.42201,-0.392,-0.076932,-0.13695,-0.33199,-0.21946,-0.061929,-0.43701,-0.28698,-0.24947,-0.3845,-0.34699,-0.60955,-1.1572,-0.88711,-0.93212,0.15562,0.83827,-0.48202,-0.79709,-0.99964,-0.62455,-0.93212,-0.61705,-0.54203,-1.0972,-0.8421,-0.94712,-0.10694,-0.46702,-0.92462,-0.50453,0.9583,1.7085,2.1736,1.4234,2.2636,-0.099437,-0.362,-0.26447,-0.377,-0.28698,-0.57204,-0.377,-0.45202,-0.47452,-0.45202,-0.47452,-0.54954,-0.19696,-0.45202,-0.49702,-0.21946,-0.50453,-0.21196,0.11811,-0.29448,-0.18196,-0.42951,0.59822,0.14812,2.1736,0.20813,0.11811,0.26814,0.13311,-0.48952,-0.51203,0.9958,1.3934,0.32816,0.9958,3.1038,1.9935,3.0363,1.5434,0.65823,1.0858,0.55321,0.57571,0.77826,0.79326,0.65823,2.8487,3.8689,1.0558,0.62822,-0.0094174,0.028091,-0.40701,-0.076932,-0.30948,0.47819,0.48569,0.088104,0.020589,0.11811,0.9808,0.38817,1.3709,-0.21196,-0.22697,-0.3995,0.29815,0.058098,-0.23447,0.028091,0.11811,0.020589,0.028091,0.74075,0.028091,-0.054427,0.9733,2.046,3.3738,0.9883,1.6785,-0.061929,0.43318,-0.016919,-0.40701,1.8735,1.1158,2.016,0.90578,3.7339,-0.69207,-0.60205,-0.8196,-0.90211,-1.0672,-0.96963,-1.0146,-1.1197,-1.0521,-1.0071,-0.75208,0.59071,0.54571,1.926,-0.099437,2.2336,-0.054427,-0.58704,-0.54954,0.14062,0.35066,0.0055859,-0.35449,-0.362,-0.076932,0.34316,0.40317,-0.72207,-0.96963,-0.98463,-1.0672,1.5959,-0.29448,0.26064,0.75575,2.4586,0.81576,-0.17445,-0.67706,1.0033
-0.99646,-0.05895,0.33523,0.86791,-0.2081,0.036932,0.63353,1.0384,-0.30398,-0.42117,0.5483,-0.52771,0.079547,-0.28267,0.068893,0.19674,0.39915,0.58026,-0.55967,-0.38921,-0.37856,-0.13352,-0.25071,-0.037643,-0.29333,0.0902,-0.63424,0.39915,0.21804,-0.016335,0.24938,0.15354,-0.16594,0.62211,0.21744,-0.048796,0.88834,1.5912,1.0268,0.71795,0.30263,0.84574,0.62211,1.0268,0.7073,0.36653,1.0587,0.95223,1.0694,1.0268,0.63276,0.90964,0.99483,0.81379,0.7499,0.036398,-0.40022,-0.28308,-0.34698,0.65406,1.6977,0.11094,-0.46412,-0.52801,0.49432,-0.016848,0.40912,0.73925,-0.34698,0.17484,-0.18724,0.7073,-0.10204,-0.016848,0.11094,2.2514,1.6018,2.3473,2.9436,3.2631,1.1652,1.3782,0.7499,0.57951,0.80314,0.90964,0.94159,0.69665,0.89899,0.7925,0.63276,0.51561,0.71795,1.1759,1.1652,0.80314,0.92029,1.1546,0.7286,0.686,0.92029,0.52626,0.94159,1.6657,2.5283,2.2834,2.5816,1.6551,2.1982,2.4751,2.4751,2.8478,2.3153,2.6242,2.4112,2.1663,1.0481,3.1566,2.1769,1.4528,2.2514,3.2099,1.5912,1.1546,0.95223,1.3676,2.2408,4.4984,3.327,1.7722,1.2611,1.2291,1.3356,3.2418,2.294,2.3899,2.1769,0.98418,0.76055,1.0907,0.83509,0.95223,0.7925,0.34523,0.37717,0.85639,0.41977,0.57951,0.43042,0.47302,0.53691,0.67535,0.86704,0.686,1.3569,2.4644,3.6678,1.1865,3.2844,1.6551,1.1333,0.63276,1.6338,2.4325,1.3782,2.2408,1.7296,2.0491,0.86704,0.92029,-0.54931,0.089644,-0.15529,-0.55996,-0.27243,-0.59191,-0.46412,-0.63451,-0.6771,-0.73035,-0.070095,2.1769,1.3889,1.112,1.4953,0.98418,0.76055,0.90964,1.2291,1.8681,1.6338,0.80314,0.71795,1.0374,0.82444,1.08,1.3463,-0.15529,-0.16594,-0.61321,-0.40022,1.0055,0.17484,1.293,2.8904,1.932,0.48367,-0.47477,0.47302,-0.027498
-1.2893,-0.069648,0.062714,1.1783,-0.35328,0.23289,0.11944,0.47871,-0.30601,-0.52346,1.0649,-0.79764,-0.23983,0.072169,0.24235,1.1405,0.73398,0.61107,-0.40055,-0.24928,0.40307,0.48816,-0.29655,-0.3911,-0.93,-0.21146,-0.80709,-0.20201,0.21398,0.024897,1.2244,1.1677,1.0543,1.1204,0.50615,0.85583,1.2149,1.3945,1.1582,0.26044,0.099778,0.59121,0.70462,0.4589,0.46835,0.3833,0.70462,0.55341,0.78022,0.53451,0.64791,0.61956,0.67626,0.53451,0.72352,-0.051431,-0.75077,-0.060882,-0.95869,1.1488,1.782,-0.16484,-0.46726,-0.61847,0.70462,0.52505,0.052525,0.64791,-0.46726,0.35494,0.10923,1.0543,0.75187,-0.10813,0.93143,2.831,1.2906,2.5475,3.6437,2.7554,1.4512,1.1582,0.78022,0.79912,0.57231,0.56286,0.62901,0.17538,0.44945,0.62901,0.95033,1.0921,0.55341,0.66681,0.93143,0.66681,1.1771,0.90308,0.43055,0.77077,0.26044,0.11868,1.5646,0.96923,1.8103,2.0182,1.9804,1.1677,1.8103,2.6892,2.6231,2.6609,1.4701,2.642,2.1033,1.2149,0.80857,2.831,1.3662,0.85583,1.4985,2.935,1.3378,1.1866,1.4607,1.6875,1.404,3.5492,1.8576,1.5457,0.79912,0.67626,1.3567,3.2374,1.8765,1.6497,2.0277,1.0354,1.007,1.196,0.4967,0.52505,0.29824,0.033624,-0.0041781,0.76132,0.20373,0.22264,0.4022,0.64791,0.3833,1.1015,0.4967,0.77077,0.72352,1.5457,3.2468,1.5457,2.727,1.4418,1.5079,1.007,1.9332,2.7365,1.4323,2.935,2.2073,3.2374,1.7536,1.6875,-0.051431,0.14703,-0.2877,-0.27825,-0.16484,-0.84528,-0.33495,-0.23099,-0.73187,-0.74132,-0.3255,2.3018,1.3095,1.6213,2.1317,2.5947,1.593,1.3662,0.93143,1.4229,1.6024,0.99758,0.98813,1.5646,1.0543,2.0561,2.0655,0.090328,0.15648,-0.3822,-0.57121,2.0561,0.78967,1.971,3.7288,3.3697,0.94088,-0.3066,1.404,0.043075
-0.074879,0.0053485,0.040448,0.094602,0.010363,0.071536,0.027411,0.04446,-0.026743,-0.0076885,-0.013706,-0.03978,0.0093599,0.0043457,0.0073542,-0.0096942,-0.027745,0.0043457,-0.02574,-0.033763,-0.027745,-0.045797,-0.050811,-0.014708,-0.043791,0.014374,-0.036771,0.049474,0.095605,0.00033428,-0.0027092,-0.033785,-0.02376,-0.0087238,-0.02376,-0.046817,-0.004714,0.26093,0.15267,0.1236,0.13864,0.077486,0.081496,0.052425,0.039393,0.014332,0.011325,0.032376,0.030371,0.060445,0.051423,0.073476,-0.0057165,-0.0087238,-0.0097262,-0.029775,-0.03178,-0.028773,-0.026768,0.057437,0.072474,0.019345,-0.015741,-0.037795,0.033379,-0.032782,-0.0087238,0.0033055,-0.038797,-0.013736,-0.0077214,0.045408,0.022352,0.0093202,0.042401,0.12059,0.14465,0.10555,0.18575,0.30203,0.040396,0.030371,0.027364,0.059442,0.090518,0.094528,0.067462,0.09152,0.10154,0.093525,0.084503,0.10054,0.076484,0.05443,0.10756,0.05443,0.056435,0.024357,0.0013006,0.036386,0.042401,0.06245,0.06245,0.093525,0.48448,1.4408,1.915,2.4021,2.1656,2.0032,1.9681,2.4874,2.7009,2.9856,3.1931,2.8412,2.739,2.8202,1.9901,2.2157,2.5405,2.4964,2.1014,2.0733,1.922,2.0333,2.0062,2.3651,2.7149,2.7179,2.35,2.0713,2.0172,2.6477,2.337,2.4954,2.5926,2.2648,2.2758,2.4793,2.346,1.9611,2.2478,1.7325,1.7997,1.938,1.8368,1.6784,1.6784,1.7395,1.7165,1.7055,1.6383,1.945,2.2468,2.4142,2.4412,1.934,2.0703,2.327,2.0623,1.913,2.353,1.93,1.6944,2.0423,1.935,1.9641,2.2979,1.6764,0.91553,1.2002,0.89648,0.78621,1.0288,0.93056,0.7822,0.89949,0.78722,0.7812,1.0027,1.8749,1.918,1.8338,1.9681,1.5972,1.2614,1.4428,2.1355,2.1706,2.0413,2.0954,1.6583,1.7786,1.7636,1.6904,1.3606,0.91753,0.9466,0.75012,0.82431,0.95162,0.86741,1.4378,1.8318,1.099,0.9035,0.56467,1.1541,0.41731
-1.5266,-0.62053,-0.056112,1.4391,0.35483,0.61228,0.10232,0.50336,-0.37298,-0.27891,1.0975,0.39939,-0.2096,-0.472,0.87964,0.84003,0.48851,0.49841,-0.2096,-0.25911,1.4243,0.14688,0.15183,-0.39278,-0.96711,-0.56607,-1.0909,-0.75421,-0.41754,-0.74431,0.48239,0.086461,0.022123,0.14585,-0.027367,-0.032316,0.3933,1.7345,1.4376,-0.19564,-0.44804,-0.25997,-0.49258,-0.35401,-0.3837,-0.33421,-0.19069,-0.042214,0.15575,-0.29957,-0.48763,0.096359,-0.18574,-0.17089,-0.062011,-0.72024,-1.0865,-0.95779,-1.2102,0.46754,1.3287,-0.081807,-0.85881,-0.86871,-0.20553,-0.56682,-0.74498,-0.53217,-1.1162,-0.6559,-0.73013,0.54178,-0.18574,-0.12635,0.10131,1.3485,2.2789,3.7735,2.4917,1.8582,-0.18574,-0.24018,-0.30451,-0.32926,-0.17584,-0.35401,-0.52722,-0.79447,0.56652,0.23988,-0.3936,0.29927,-0.017469,0.056767,-0.55197,-0.25502,-0.1412,-0.31936,-0.32926,-0.36885,-0.27977,-0.90335,0.61106,0.20029,1.6009,1.3534,0.83377,0.21514,0.32897,0.70509,0.046869,2.4125,2.6253,2.9322,2.9866,1.0466,0.54672,1.3386,1.4524,0.99709,0.97729,2.0809,0.78428,0.52198,0.4131,0.51703,0.36361,1.1901,1.8038,1.8285,0.55662,0.49228,-0.091705,1.5514,0.95255,1.0862,0.58137,0.75953,0.38341,0.25968,0.22998,0.022123,-0.11645,-0.19564,-0.31441,-0.081807,-0.58661,-0.53712,-0.24513,-0.32431,-0.32431,0.012225,-0.58661,-0.35895,0.55662,2.1552,2.2789,1.5019,1.8384,0.87336,1.0416,0.21514,1.1901,3.0658,2.5214,1.7741,0.86346,0.44774,0.75459,1.0911,0.28442,0.1409,-0.38865,-0.76973,-0.51238,-1.1211,-0.61136,-0.21543,-0.74498,-0.50248,-0.0075709,1.4376,1.5019,1.4722,1.5118,0.34876,0.20029,0.95255,2.0116,1.4128,0.96245,0.45764,1.4574,1.2594,0.27947,0.9278,0.74469,-0.13625,2.269,0.38835,0.09141,3.5657,2.4323,1.1951,2.561,2.6946,0.20029,-0.87861,1.6504,1.5019
