-0.7331,0.6543,0.10124,-0.43919,0.54685,1.6372,1.141,-0.38546,-0.22744,-0.37282,-0.52768,-0.49923,-0.31909,0.12968,-0.43603,-0.3823,-0.31277,-0.15159,0.12652,-0.77419,-0.33806,-0.3981,1.4128,0.33827,0.50577,0.36671,0.29402,-0.38546,0.32879,-0.9006,-0.0071608,-0.17737,-0.32866,-0.051288,0.53812,0.036966,-0.076503,0.002295,-0.38539,-0.28453,-0.15845,-0.36963,-0.76362,-0.84873,-0.86133,-0.71635,-0.79199,-0.90546,-0.95904,-1.1166,-1.0252,-0.74787,-0.83612,-0.87394,-0.92753,-0.98426,-0.94644,-1.0473,-1.1576,-1.0252,-0.97796,-0.9748,-0.96535,-0.92437,-0.75417,-0.44213,-1.0946,-0.8109,-0.74471,0.53497,0.31118,0.38998,-0.16161,0.48139,0.11892,0.90375,0.80604,0.92266,0.97624,2.1078,3.5199,2.5491,1.1811,1.2284,1.7957,1.3639,1.6886,1.3261,0.76506,1.427,1.3482,2.5081,2.0574,1.7926,1.9439,1.2599,0.76506,1.3293,2.7602,2.1866,1.1811,0.60747,0.56019,0.59171,0.36792,0.081093,-0.32235,-0.35387,-0.36333,-0.58081,-0.49571,-0.11748,-0.19312,-0.15845,-0.46104,-0.6407,-0.47995,-0.59342,-0.71004,-0.44213,-0.54929,-0.61548,-0.66276,-0.3192,-0.42006,-0.6407,-0.50832,-0.70689,-0.5619,-0.37279,-0.28453,-0.029224,0.096853,0.80289,0.97309,0.87538,1.4049,1.2284,1.3734,1.4837,1.4995,1.843,1.843,1.8745,1.8808,2.1992,2.3347,2.0353,1.1559,-0.17106,-0.24986,-0.063896,-0.089111,-0.13639,0.04327,-0.18367,-0.019769,-0.051288,-0.12063,1.2977,1.4459,1.9912,1.1685,2.1172,1.5404,0.743,2.1109,0.70202,0.20402,-0.20573,-0.18682,1.1622,1.821,0.59171,2.7886,0.992,1.5215,1.5341,1.6854,2.7224,1.1622,1.5751,0.55073,0.055878,0.29858,0.91005,2.5995,0.49715,0.25445,-0.4831,0.12837,1.3072,0.31118,1.178,-0.026072,-0.51147,1.0519,0.68942,0.97939,2.0479,0.91005,0.40889,0.28597,0.0085989,0.46248,0.33955,0.12207,0.24184,0.14728,0.23239
-2.2081,0.2526,0.34767,-0.032623,0.56019,0.45952,2.4393,0.4763,0.16871,-0.049401,-0.59747,-0.31785,0.91812,0.9293,-0.021438,0.88456,0.3253,0.4763,-0.23955,-1.084,-0.86033,-0.45766,-0.88829,-0.49122,-0.34022,0.40919,-0.0046605,-0.11092,0.0009321,-0.94421,0.31041,-0.19715,-0.33659,-0.34217,-0.36448,-0.70472,-0.91667,-0.65452,-0.12464,-0.15811,-0.41468,-0.60432,-1.2346,-1.6752,-1.586,-1.3238,-1.1844,-1.3071,-1.3238,-1.3015,-1.5079,-1.6641,-1.3406,-1.7589,-1.6641,-1.6529,-1.6083,-1.8426,-1.9708,-1.5693,-1.4521,-1.876,-1.7366,-1.6027,-0.34775,-0.73261,-1.6083,-1.5358,-0.68799,0.82355,1.6881,0.21559,-0.15811,0.12077,0.79009,0.93511,1.3479,1.5486,0.30483,0.20444,1.2642,3.7128,2.9096,0.99088,1.7216,2.3239,1.2809,1.1192,0.61718,0.53352,1.8777,1.2196,0.3885,0.84029,0.8124,1.069,-0.10233,-0.31428,0.36061,1.0299,0.55583,-0.2362,-0.19715,-0.54297,1.4315,0.62834,0.3885,-0.01867,-0.096757,-0.057713,0.66738,0.30483,0.18213,-0.11349,-0.0075145,-0.43141,-0.035403,0.048262,-0.39795,0.1375,-0.2362,-0.49835,-0.23062,1.1136,1.069,-0.91667,-0.16927,-0.42584,-0.62663,-0.6601,-0.26966,-0.97802,-0.63779,-0.72703,-0.62105,-1.5023,-0.92782,-0.6099,-1.3963,-1.0282,-0.91109,-1.0896,-1.3127,-1.0338,-1.084,-0.69356,-1.3963,-1.0673,-1.0171,-0.55412,-0.56528,-0.72703,-0.79954,-1.1007,-0.63221,-0.58759,-0.94456,-1.0003,-1.0226,-0.26966,1.6992,0.26579,-0.063291,0.43312,0.27694,0.29368,-0.64336,0.57256,0.65065,0.8124,-0.16927,0.87375,-0.074446,1.4482,1.755,0.46101,0.68411,0.82355,1.0857,1.8945,0.82913,-0.63221,0.13193,-1.1509,-0.95013,-0.73261,0.61718,1.8331,1.0355,-0.833,-0.76607,2.1622,1.2586,0.51121,0.62276,0.098461,0.11519,0.48889,-0.59874,-0.30871,-0.26409,-0.43141,-0.035403,-0.75492,-0.7103,-0.59874,-0.86089,-0.71587,-0.68241,-1.2569
-0.32809,4.1573,2.4871,-0.096991,2.0669,1.9776,1.2948,-0.39111,-0.79028,-0.43313,-0.98987,1.0585,-0.16527,0.52277,-0.62221,-0.19678,-0.26506,-0.054973,-0.49091,-1.2,-0.76402,-0.78503,-0.42263,-0.028712,-0.76927,-0.27557,-0.43838,-1.263,-1.1527,-1.6411,-1.4386,-1.4753,-1.3338,-1.3705,-0.98287,-1.4019,-0.75239,-0.33858,-0.74192,-0.51144,0.17476,-0.65287,-1.3286,-1.3705,-1.7267,-1.4229,-1.6638,-1.6638,-1.7948,-1.8996,-1.6953,-1.4334,-1.5276,-0.80477,-1.0038,-1.0719,-0.85192,-0.92525,-1.2762,-1.161,-1.2919,-1.3391,-1.3076,-1.2395,-0.93573,-0.92001,-1.4753,-1.58,-1.3024,-0.81525,-0.82049,-1.0091,-1.4753,-1.25,-1.4543,-1.1976,-1.1033,-1.4491,-1.1191,-0.36477,-0.22858,0.022857,-1.2395,-1.3391,-1.2867,-1.271,-1.0719,-1.1453,-0.39096,0.61477,1.1962,1.8562,2.0657,1.6362,1.4214,0.9762,0.049047,-0.1081,1.9767,1.8143,1.0443,0.17476,0.4,-0.24429,-0.34905,-0.87287,-1.5276,-1.4386,-1.4124,-1.6219,-1.8105,-1.5276,-1.1138,-0.97763,-1.0929,-1.4753,-1.381,-1.3338,-1.6953,-1.4857,-1.5643,-1.6586,-1.4072,-1.4072,-1.1557,-1.3653,-1.4438,-0.82049,-0.39096,-0.081907,-0.27572,-0.23381,-0.3281,0.11191,0.81382,0.92382,1.301,1.3481,1.0338,1.0443,1.1072,0.77191,0.88192,1.2067,0.82953,1.631,1.4634,1.4372,0.66191,-0.95144,-0.81001,-0.72096,-0.7943,-0.77858,-0.73668,-0.98287,-0.89382,-0.66334,-0.77858,-0.48001,-0.44858,0.038571,-0.58477,-0.12905,0.19572,-0.66858,-0.22858,-0.32286,-1.2186,-1.1505,-1.1819,-0.84668,-0.24429,-0.69477,-0.70001,-1.0143,-0.87287,-0.7262,-0.7943,-0.78906,-0.07143,0.4262,-0.2862,-0.53239,-0.41191,1.2853,1.0495,0.36334,-0.40143,-0.75763,-0.15,0.71429,-0.13953,0.043809,-0.47477,-1.3338,-0.066192,-0.16572,-0.65287,-0.26,-0.61096,-0.73668,-0.95668,-1.2657,-0.89382,-1.1086,-1.1086,-1.1714,-1.2762,-1.271
-1.6727,1.0137,1.4301,1.3864,1.195,0.52341,0.32864,1.0137,0.47639,0.39916,-0.30267,0.37565,0.79205,1.0271,0.72153,-0.060892,0.28499,-0.82317,-0.57803,-0.58139,-0.89033,0.24469,-1.1086,0.44281,-1.4142,-0.67205,-1.3269,-0.61161,-0.45714,-1.1556,-0.24002,-0.40078,-0.59168,-0.29696,-0.21993,-0.65531,-1.238,-0.40078,1.7493,0.34271,0.97568,0.3695,-0.15295,-0.57493,-0.52469,-0.83281,-0.86965,-0.70554,-0.96007,-0.86295,-0.33715,-0.84285,-1.0404,-1.0773,-1.0237,-0.98017,-0.81941,-1.1778,-0.91653,-0.82276,-0.75578,-0.82611,-1.0739,-0.83951,-0.38403,0.13172,-0.41752,-0.62517,-0.12281,1.8364,1.0829,0.38625,0.67762,0.32932,1.0762,1.5819,1.2403,0.49007,-0.30701,0.77474,1.5082,2.7507,2.0005,0.16186,1.7527,3.7521,3.109,2.2852,1.6522,0.23554,2.2048,1.7058,0.82163,0.35276,2.9851,1.6555,0.10493,1.0494,0.77139,1.4312,0.047995,0.53696,0.1987,0.32932,1.19,0.13507,0.061391,-0.17639,-0.25677,-0.39408,0.33601,-0.39408,-0.032383,-0.45436,-0.55818,-0.72229,-0.71559,-0.57828,-0.71559,-0.67205,-0.85625,-0.80601,-0.81606,-0.54479,-0.72229,-0.48116,-0.67205,-0.72899,-0.57828,-0.81271,-0.46106,-0.518,-0.47446,0.0011077,0.7245,-0.56153,-0.31035,-0.3204,-0.58833,-0.29361,-0.36729,-0.35724,-0.73568,-0.22998,-0.37399,0.73455,-0.67875,0.25899,0.48337,0.34941,-0.13285,-0.12616,-0.16969,-0.24002,-0.045779,-0.099364,-0.1429,-0.33715,-0.35054,1.3709,1.1163,1.1934,0.9288,0.13172,0.45323,0.22884,1.8464,-0.12281,-1.1041,-1.7002,-1.1275,1.2403,1.8163,2.6033,2.2416,2.1847,1.6656,0.84172,0.24894,1.1431,0.7513,0.81493,-0.035732,-0.63521,-1.228,-0.36729,1.7359,1.334,0.67762,-0.92993,-1.3352,1.7091,1.391,1.2302,0.17861,-1.2113,0.0279,-0.029034,-0.6888,0.95559,-0.082619,0.40299,-0.50795,-0.74238,-0.25007,-0.70554,-0.57158,-0.72564,-0.73568,-0.92658
0.23276,1.2945,-0.46144,-0.40019,0.3961,0.68195,0.53902,-0.13476,-0.68603,-0.68603,-0.66561,-0.40019,-0.40019,-0.032668,-0.60436,-0.35935,-0.56353,0.49819,0.028585,-0.66561,0.2736,-0.073503,0.23276,0.21234,0.2736,0.11026,-0.012251,-0.13476,1.1311,0.37568,0.88132,0.82023,0.49442,0.69805,0.63696,1.4311,0.41297,1.2479,0.25007,1.0442,0.55551,0.96277,-0.17756,-0.29973,-0.52373,-0.50336,-0.60518,-0.56445,-0.44228,-0.58482,0.046437,-0.15719,-0.27937,-0.54409,-0.36082,-0.64591,-0.19792,-0.46264,-0.46264,-0.23865,-0.25901,-0.055378,0.046437,-0.014652,0.005711,0.2297,-0.13683,0.005711,0.12789,1.2682,0.75914,1.0035,0.14825,0.4537,0.51479,0.73878,1.2071,0.53515,0.10753,1.5533,2.266,2.3882,1.37,1.5126,1.6144,1.2275,1.8995,1.2275,0.73878,1.3497,1.0035,0.90168,1.2071,1.37,1.2886,0.69805,0.65733,0.8406,2.3067,1.8995,1.3089,0.47406,1.7977,1.594,1.4922,0.67769,0.49442,0.16862,0.41297,0.31116,1.0035,0.046437,0.18898,0.18898,-0.11647,0.18898,0.31116,0.087163,0.2297,0.18898,0.026074,0.12789,0.046437,0.35188,0.69805,1.0442,0.75914,0.43333,0.82023,0.57588,0.33152,0.51479,0.79987,0.82023,0.82023,1.5533,0.79987,0.98314,1.085,0.79987,0.94241,0.57588,0.57588,1.2479,1.4515,1.5329,2.3678,1.9809,1.8995,1.6348,1.6551,1.7162,1.9198,2.0013,2.042,1.594,2.2049,1.37,1.4515,2.3067,1.5329,1.9809,1.2886,1.9606,1.2682,2.266,1.8791,1.7773,2.1642,2.7344,1.7773,2.5715,3.0398,2.5511,2.7344,2.3271,2.6733,2.6122,1.6958,2.2864,2.1438,2.6122,2.1846,1.6755,2.1642,1.0239,3.2231,3.1823,3.0602,0.86096,1.7977,3.4471,2.6529,2.266,1.7366,1.7366,4.2005,2.9991,2.4493,2.7751,1.7569,1.7773,1.1053,0.88132,0.92205,0.8406,0.75914,0.8406,0.27043,0.39261
-0.61262,1.1237,0.058237,-0.3902,-0.027863,0.10487,-0.23235,-0.12114,-0.74177,-0.57675,-0.56599,-0.43684,0.34165,-0.06015,-0.2467,-0.14625,0.090524,0.5856,-0.024275,-0.33639,0.20891,-0.092438,0.44927,0.3273,0.2699,-0.12473,-0.33997,0.0080121,0.94076,0.56766,1.7311,1.2123,0.69706,0.75073,0.24625,1.0048,0.92247,1.1837,0.72568,1.5987,1.3733,1.2373,0.46092,0.26771,-0.15806,0.013682,-0.1187,-0.22961,-0.31906,0.049461,0.31065,0.12818,0.074507,-0.21173,-0.33695,-0.32622,-0.27971,-0.42998,-0.46218,-0.079343,0.045883,0.020838,-0.082921,0.47165,0.50385,0.54679,0.189,-0.19741,0.84733,2.9189,1.9708,2.4467,1.0155,1.7847,1.8062,1.7776,2.0459,1.3232,0.42514,1.1049,1.6559,2.6005,2.6649,1.5701,1.5558,1.6524,2.0459,1.4949,1.2588,1.1407,1.2695,1.3339,0.97972,0.61477,1.3769,1.1193,0.37863,0.95825,1.7025,2.1246,1.6881,0.92963,0.70422,1.1121,0.7078,0.23551,0.22478,0.18184,0.13533,0.10671,0.35716,-0.20099,0.18542,-0.047142,-0.079343,-0.27613,-0.11512,-0.00062925,-0.082921,-0.011363,-0.14017,-0.10439,-0.043564,0.40367,0.53963,0.33569,0.27845,0.17827,0.08524,0.099552,0.32138,0.42872,0.58615,1.1228,1.2803,1.5808,1.4842,1.3017,1.935,1.4627,1.4627,1.4842,1.427,1.867,1.6345,1.4091,2.1425,2.647,1.5379,0.2534,0.41083,0.45734,0.38221,0.4645,0.56468,0.42156,0.51459,0.41799,0.61835,1.4305,1.1658,1.706,1.2159,1.2946,0.97972,1.5951,3.495,1.7883,0.81155,1.0191,1.155,2.8116,3.4986,2.3894,3.9172,4.0496,5.0371,2.6828,1.4878,2.1712,2.1533,3.1765,1.8742,1.0048,0.99403,1.4413,3.6166,2.5111,2.0209,1.2087,1.1193,3.2445,2.6685,2.1139,1.5522,1.3983,1.9744,1.062,1.0656,2.1604,0.91174,1.2409,0.86164,0.64697,0.82587,0.84018,0.68991,0.46092,0.48597,0.15322
-0.14242,-0.17803,-0.10682,-0.14242,-0.17803,-0.17803,-0.17803,-0.14242,-0.14242,-0.10682,0.035606,-0.10682,0.035606,-0.17803,-0.17803,-0.071211,-0.17803,-0.10682,-0.17803,0.10682,0.035606,-0.17803,0.035606,1.1394,0.39166,-0.17803,-0.071211,-0.14242,1.1394,0.14242,-0.14252,-0.14252,0.2481,-0.035986,-0.071497,0.10606,0.49667,1.0293,1.1003,1.3134,2.5563,0.99382,1.3134,1.3489,0.63871,0.17708,0.035035,0.10606,-0.071497,1.2069,0.99382,0.56769,0.10606,0.2481,1.5975,0.9228,1.2779,1.775,2.2722,0.74524,1.1359,1.3844,2.4142,0.42565,0.31912,-0.00047589,0.070545,-0.14252,-0.00047589,-0.17803,0.31912,-0.00047589,0.28361,0.17708,0.17708,0.49667,0.35463,0.14157,-0.17803,-0.14252,-0.17803,-0.00047589,-0.035986,-0.00047589,-0.10701,0.10606,-0.10701,-0.10701,-0.035986,0.2481,0.28361,0.46116,0.17708,-0.071497,0.2481,0.42565,0.53218,1.6685,0.31912,1.2779,1.8461,4.7224,1.1003,2.4853,0.63871,-0.00047589,0.17708,-0.14252,-0.14252,-0.071497,-0.14252,-0.035986,-0.14252,0.035035,0.21259,0.70973,0.85178,0.10606,1.1359,1.0293,1.2779,2.2722,2.0591,2.0236,2.9114,2.5208,1.633,1.4555,1.9881,1.2779,0.85178,0.81627,1.3134,1.3489,0.67422,0.49667,0.14157,0.035035,2.0946,2.0946,2.6983,2.6273,1.491,2.3432,2.3787,0.78075,1.5265,1.4555,2.0236,2.8759,3.1244,3.6926,1.7395,2.2367,2.5563,2.1302,2.2012,2.0946,1.1714,0.67422,3.6571,2.1657,1.7395,1.9526,1.0648,-0.10701,2.4853,3.8702,2.7338,2.1302,1.0648,0.17708,0.95831,0.35463,2.4497,1.8461,0.78075,1.3844,2.5563,1.9881,0.53218,0.42565,0.2481,3.16,1.2424,0.74524,0.2481,0.2481,0.74524,0.35463,2.5918,1.1714,1.1359,0.6032,0.2481,0.42565,0.63871,1.2069,2.8049,0.21259,0.10606,1.1359,0.81627,1.1714,1.4555,1.1003,1.3134,1.3134,1.7395,1.2069
-0.15809,-0.12788,0.0080554,-0.1883,-0.17319,-0.17319,-0.082568,-0.15809,-0.15809,-0.15809,-0.067464,0.053367,-0.11278,-0.082568,-0.23361,-0.022152,-0.097672,0.068471,-0.14298,-0.14298,-0.11278,0.083575,0.32524,0.24972,0.053367,0.20441,0.1893,0.20441,0.26482,0.68773,0.83587,1.0618,0.62498,0.47434,0.71536,0.91118,1.0618,0.80574,0.47434,0.64004,0.62498,0.60991,0.27851,0.23332,0.23332,-0.037822,0.14294,0.14294,0.022433,0.158,-0.0076945,0.2032,0.158,0.12788,0.082687,0.11281,0.082687,0.097751,-0.0076945,0.18813,0.158,0.05256,0.27851,0.158,0.24839,0.14294,-0.0076945,-0.037822,0.29358,0.77561,0.88106,0.71536,0.3237,0.47434,0.39902,0.44421,0.23332,0.29358,0.037496,0.21826,0.33877,0.8208,0.45928,1.1522,0.68523,0.76055,1.1371,0.50447,0.45928,0.89612,1.1371,1.4685,0.95637,0.67017,0.9865,0.92625,0.2032,0.86599,1.3631,1.6794,1.333,0.56472,0.74548,0.71536,0.53459,0.23332,0.23332,0.27851,0.17307,0.097751,0.3237,0.23332,0.30864,0.39902,0.38396,0.30864,0.082687,0.35383,0.24839,0.44421,0.53459,0.70029,0.73042,0.6551,0.68523,0.4894,0.45928,0.30864,0.50447,0.60991,0.42915,0.59485,0.51953,1.7999,2.282,2.4778,2.1615,2.041,1.9054,2.2217,2.4778,2.1615,2.3121,3.1707,2.8092,3.1557,4.1499,4.0745,1.8753,1.3028,1.0166,1.107,0.91118,0.77561,1.0166,0.85093,0.8208,0.80574,0.88106,1.5589,0.94131,2.7188,2.1313,1.7397,1.4384,1.9958,2.282,2.3121,1.1823,2.2518,0.83587,3.005,3.3063,2.8544,5.7466,3.2008,3.6829,2.6435,1.2878,2.0259,2.2217,2.2368,1.574,0.67017,0.47434,1.0317,3.5774,2.3121,1.1673,0.70029,1.3179,4.0143,3.1105,1.8903,1.2275,0.56472,0.53459,1.0317,1.3631,1.1673,0.89612,0.85093,0.89612,0.71536,0.42915,0.83587,0.51953,0.38396,0.27851,0.26345
0.014184,-0.0010131,-0.0010131,-0.0010131,-0.0010131,-0.0010131,-0.0010131,-0.0010131,-0.0010131,-0.0010131,-0.0010131,-0.0010131,-0.0010131,-0.0010131,-0.0010131,-0.0010131,-0.0010131,-0.0010131,-0.0010131,-0.0010131,-0.0010131,-0.0010131,-0.0010131,-0.0010131,-0.0010131,-0.0010131,-0.0010131,-0.0010131,-0.0010131,0.014184,0.02855,-0.0010131,-0.0010131,-0.0010131,-0.0010131,-0.0010131,-0.0010131,-0.0010131,-0.0010131,-0.0010131,-0.0010131,-0.0010131,-0.0010131,-0.0010131,-0.0010131,-0.0010131,-0.0010131,-0.0010131,-0.0010131,-0.0010131,-0.0010131,-0.0010131,-0.0010131,-0.0010131,-0.0010131,-0.0010131,-0.0010131,-0.0010131,-0.0010131,0.013768,-0.0010131,-0.0010131,-0.0010131,-0.0010131,-0.0010131,-0.0010131,-0.0010131,0.0063776,-0.0010131,-0.0010131,-0.0010131,-0.0010131,-0.0010131,-0.0010131,0.065503,0.013768,0.013768,-0.0010131,0.065503,0.0063776,0.0063776,-0.0010131,-0.0010131,-0.0010131,-0.0010131,-0.0010131,0.0063776,-0.0010131,-0.0010131,-0.0010131,-0.0010131,-0.0010131,0.0063776,-0.0010131,-0.0010131,-0.0010131,-0.0010131,-0.0010131,-0.0010131,-0.0010131,-0.0010131,-0.0010131,-0.0010131,-0.0010131,-0.0010131,0.0063776,0.0063776,0.0063776,0.0063776,0.0063776,0.0063776,0.043331,0.03594,0.0063776,0.27983,0.42765,1.4919,0.2281,0.93761,0.82675,1.4771,1.6397,3.6352,2.3123,2.3049,1.8984,1.8836,3.783,2.1497,1.6841,1.8023,1.1224,1.4106,1.7949,1.5954,0.4646,0.87848,2.061,2.9183,3.8791,1.8097,1.381,1.2332,0.59024,0.98195,0.087675,0.080285,0.26505,2.2162,1.4476,2.5488,1.5658,1.285,0.53851,0.67154,1.9649,2.5266,1.8245,0.98934,1.4476,1.8467,2.2384,1.8614,0.087675,0.43504,0.88587,1.9501,0.44243,1.2998,1.4993,1.7432,2.194,2.3492,2.2384,3.044,3.007,3.6057,0.7824,2.571,3.5761,2.4897,1.9206,4.3965,3.8126,2.2605,0.072894,0.050722,0.20593,0.60502,1.1519,1.2258,1.3589,1.2111,1.4771,0.16158,0.3094,0.39809,0.75284,1.0632,1.2332,0.80457,0.87848,0.8637,0.87848,0.76762,1.2037,1.0632,1.6102,0.065503,0.84892
-0.61211,-0.78832,-0.055646,0.56574,0.82542,0.75122,0.37097,-0.10202,0.42662,-0.18549,-0.76977,1.0944,1.0851,-0.98308,-0.7234,-0.73268,-0.73268,0.47299,-0.49154,1.5674,0.12057,-0.69558,0.24113,0.91816,0.3246,0.97381,0.15766,-0.81614,-0.87179,-1.3355,-0.075139,-0.048077,-0.89601,1.3411,0.89007,1.1336,-0.039057,1.756,0.75476,1.4042,1.5756,-0.011995,-0.1022,0.76378,0.21352,-0.43596,1.2328,-0.057098,-0.08416,0.33079,0.2045,-0.1473,0.38491,-0.35478,-0.63442,-0.49911,-0.7607,-0.86895,-1.2929,-1.1486,-1.5996,-1.4012,0.34883,0.29471,0.79986,0.22254,-0.56225,-0.92308,-1.329,-0.80581,-0.9772,-0.69756,-0.67952,-0.13828,-0.75168,-0.64344,-0.70658,-0.039057,-1.753,-1.6267,-0.47205,-1.6537,-1.2568,-0.79679,-0.53519,1.6388,1.6658,-0.28261,-0.73364,-0.94112,-0.87797,0.5112,0.98027,-1.1035,0.42099,-0.82385,0.79084,-0.23751,-0.74266,-0.49009,0.94419,0.5563,0.84496,-1.8612,-1.6988,0.30373,-0.021015,1.0434,0.33981,0.49316,1.2599,1.4674,0.18646,1.2148,-0.28261,2.0357,1.6658,1.6749,2.0176,1.5035,1.6749,1.5215,-0.075139,-0.30065,0.89909,0.43001,-0.30065,-0.09318,0.863,0.56532,0.88104,1.5847,0.0060463,1.0705,-0.55323,-0.048077,-0.0029743,0.21352,0.41197,-0.4089,-1.1215,-0.0029743,0.30373,0.33079,1.7109,0.58336,-0.47205,-1.1215,-0.9772,-0.49911,-0.41792,0.26764,1.7831,1.8553,2.4777,2.3514,1.305,1.6207,2.7393,1.6298,2.3694,0.74574,2.4957,0.85398,1.3321,1.6298,2.3153,1.4584,1.3501,1.2419,2.2251,1.6207,1.278,0.64651,-0.33674,1.6839,0.2045,1.5576,0.69161,1.2148,0.70965,0.83594,-0.18339,1.3591,1.2148,-1.1666,0.0060463,0.68259,1.9365,0.78182,0.41197,0.85398,-0.057098,0.83594,1.6839,-0.27359,-1.0133,-0.85091,-0.7156,-0.24653,-0.057098,-0.41792,-0.38184,-0.53519,-0.34576,-0.6705,-0.16535,-0.13828,0.069191,-0.59833
0.0027001,-0.00030001,-0.00030001,-0.00030001,-0.00030001,-0.00030001,-0.00030001,-0.00030001,-0.00030001,-0.00030001,-0.00030001,-0.00030001,-0.00030001,-0.00030001,-0.00030001,-0.00030001,-0.00030001,-0.00030001,-0.00030001,-0.00030001,-0.00030001,-0.00030001,-0.00030001,-0.00030001,-0.00030001,-0.00030001,-0.00030001,-0.00030001,-0.00030001,0.0057002,0.002618,-0.00030001,-0.00030001,-0.00030001,-0.00030001,-0.00030001,-0.00030001,-0.00030001,-0.00030001,-0.00030001,-0.00030001,-0.00030001,-0.00030001,-0.00030001,-0.00030001,0.0084541,-0.00030001,-0.00030001,-0.00030001,-0.00030001,0.002618,-0.00030001,-0.00030001,-0.00030001,-0.00030001,-0.00030001,0.002618,-0.00030001,-0.00030001,-0.00030001,-0.00030001,-0.00030001,-0.00030001,0.0084541,-0.00030001,0.002618,0.049306,0.037634,0.005536,0.005536,-0.00030001,0.02888,0.072651,0.046388,0.069733,0.011372,0.40822,0.13685,0.20104,0.18645,0.28858,0.5658,0.2419,0.25065,0.10767,0.090159,0.19229,0.22731,0.18645,0.10475,0.23898,0.4695,0.41698,0.68544,0.88094,1.0473,0.71753,0.9393,0.5658,0.23898,0.81091,1.1406,0.93055,1.1552,1.1932,1.0531,1.4821,1.2107,1.3391,1.199,1.9548,1.5696,1.6892,1.3741,1.5463,2.0715,1.9694,1.9869,2.0919,2.6113,2.6347,2.41,1.6542,1.1932,2.1269,1.7301,1.4908,1.1202,1.3653,3.0695,2.2583,2.9031,2.5004,1.6425,2.5384,1.9344,1.8964,1.5579,1.9752,2.6172,1.0444,1.946,2.1153,1.4383,2.0219,2.2583,1.2924,0.96557,1.0123,1.0298,0.75255,1.7534,2.4508,2.3925,2.7135,2.2349,1.9664,2.0978,2.6288,2.6201,2.6172,2.41,2.4975,2.2962,2.0978,2.6201,2.4829,2.3079,2.4392,2.0161,2.4275,2.5296,2.5325,1.9023,1.7213,2.4975,2.766,2.1124,1.9577,2.159,2.2291,2.3633,2.1561,2.8273,2.5004,1.9985,1.2982,1.7067,2.4771,2.1328,1.8556,1.3274,1.4004,1.0998,2.0627,0.97432,1.0239,1.1115,0.32652,-0.00030001,-0.00030001,-0.00030001,-0.00030001,-0.00030001,-0.00030001,-0.00030001,-0.00030001,0.002618,-0.00030001,0.002618
1.0798,0.46694,0.16538,0.68096,-0.5545,-0.39885,-0.46694,-0.4864,-0.44749,-0.44749,-0.038912,1.6538,-0.52531,0.11674,-0.15565,-0.32102,-0.46694,1.2063,0.087552,-0.51558,-0.68096,-0.20429,-0.27238,0.13619,0.10701,-0.21402,-0.22374,0.54477,0.45722,-0.28211,-0.60713,-0.38005,0.10251,-0.73013,-0.52197,0.017351,-0.4652,0.76484,0.2539,0.27282,1.0108,-0.011034,-0.7396,0.96353,1.9003,2.4774,2.2787,-0.53143,0.973,1.9286,0.23497,0.47152,0.34852,0.65129,0.093046,1.1433,0.39582,0.41475,1.7489,0.48098,0.34852,-0.55036,1.0865,0.55668,0.68914,-0.29489,-0.22866,-0.20973,-0.2665,0.22551,0.84999,0.66076,0.8973,0.79322,1.5029,1.342,2.222,0.86892,0.15928,0.84999,1.6637,2.4207,1.7678,1.3515,0.18766,0.20659,-0.4652,0.15928,0.86892,0.81215,0.66076,0.44313,0.8973,2.1368,0.54721,3.1587,0.2539,0.0078895,-0.67336,-0.7396,1.2095,2.4112,1.6542,3.8115,1.8246,2.0611,1.2947,0.72699,-0.73013,0.59452,1.4555,0.064661,0.72699,0.32959,3.8967,3.575,-0.40843,-0.4652,-0.31381,1.8624,1.5312,1.6637,1.8624,1.0392,0.30121,0.64183,1.4272,0.68914,0.40529,-0.70175,0.5756,0.74591,-0.16242,1.3704,1.096,-0.15296,2.5815,0.4999,1.0108,0.13089,0.21605,-0.03942,1.4366,3.821,1.5691,0.1782,-0.73013,-0.67336,-0.72067,-0.16242,0.76484,1.9003,-0.4652,-0.50305,-0.20027,0.2539,1.1528,0.23497,-0.20027,0.026813,-0.3422,3.4898,-0.020496,0.41475,1.0487,0.71753,-0.41789,0.83107,0.4526,1.1055,0.60398,1.5786,2.2693,1.0676,1.2285,1.6164,1.6921,1.5502,-0.7396,0.19713,3.2722,0.53775,0.16874,1.6259,3.1019,1.0014,-0.17189,-0.38951,-0.60713,2.1463,1.4745,1.8908,1.4272,0.90676,0.67968,0.65129,0.83107,1.0392,1.7205,1.3609,0.94461,0.86892,1.342,1.0392,0.92569,0.83107,2.222,-0.13404,-0.20027,-0.51251
-0.0082534,-0.10955,-0.12402,-0.14813,-0.18511,-0.14813,-0.15778,-0.16743,-0.12562,-0.070958,-0.048449,-0.09186,-0.085428,-0.051664,-0.078997,0.0094325,-0.037194,-0.011469,0.068922,0.014256,0.10269,0.12519,0.16539,0.16861,0.18468,0.24578,0.23131,0.22166,0.16539,-0.053272,0.06565,0.15948,0.18294,0.23141,0.22203,0.25956,0.29866,0.36121,0.58171,0.54105,0.73184,0.76155,0.68649,0.72871,0.70525,1.1353,0.72558,0.68649,0.93044,0.70212,0.6771,0.71463,1.1275,0.9711,0.85381,0.74435,0.84443,0.68492,0.78657,0.79126,0.70682,0.87884,1.104,1.0086,0.91949,2.6225,6.9855,4.6304,1.4105,1.373,1.5544,1.9219,1.5982,1.4762,1.9751,2.169,1.8171,1.5044,1.1838,1.1212,0.94608,0.63644,0.75373,1.0759,1.0602,1.1885,1.3339,1.3417,1.9094,1.631,2.0173,2.0736,2.3285,1.5388,1.6342,1.8969,2.072,2.0423,1.7702,1.8046,2.1471,1.6701,1.864,1.5169,1.4184,1.778,1.9282,2.28,2.0079,2.2206,2.427,2.5787,2.807,2.6413,2.8148,2.2128,2.5318,2.1127,2.1017,3.0572,2.2034,1.9454,1.9156,2.0642,1.8844,1.9297,2.0189,2.0908,2.2972,2.7304,2.8868,2.2769,2.8696,2.7945,2.0095,3.101,2.6506,2.5599,2.4067,2.6694,2.9227,2.6334,3.284,3.0901,2.4943,1.764,1.9782,1.7937,1.9172,1.8984,2.0673,1.9704,1.8109,1.6404,2.5115,2.2972,2.3222,2.0361,1.9813,2.4145,2.4411,2.7726,2.6303,2.8571,2.2785,1.997,2.3222,2.3097,1.8062,1.9031,1.8328,1.4512,1.3902,1.8265,1.9735,1.8437,2.4567,2.9478,1.3761,2.0548,2.8039,2.1674,1.3839,1.8187,2.4552,2.2018,1.8046,1.8828,1.1541,1.5012,1.6951,1.6107,1.7264,1.6498,1.7827,1.7092,1.8562,1.9688,1.9094,1.7968,1.8609,1.9172,1.5935,1.6639,2.1862,3.2074,1.8875,1.2667,1.7342,1.4121
0.044254,0.021724,0.032989,0.028161,-0.026552,-0.028161,-0.029771,-0.041035,-0.036207,-0.004023,-0.0024138,0.039426,0.0072415,-0.023334,-0.026552,-0.034598,0.004023,0.032989,-0.013678,-0.0072415,-0.012069,-0.018506,0.0024138,-0.00080461,0.013678,0.012069,0.0024138,0.024943,0.029771,0.0088507,0.13391,0.016525,0.029046,0.072871,0.20904,0.27791,0.19183,0.25756,0.27165,0.41565,0.54086,0.70834,0.40782,0.66451,0.65982,0.92433,0.78034,0.52051,0.61756,0.8179,0.31391,0.37495,0.292,0.32956,0.51895,0.47512,0.58312,0.58312,0.49391,0.60034,0.9572,0.54556,1.084,1.2828,0.77094,0.76312,0.68799,1.2546,0.91025,0.72712,0.65825,0.64573,0.75529,0.58782,0.72086,0.83668,1.1982,1.1857,1.1935,1.2358,1.2076,1.4706,1.4534,1.4346,1.181,1.1184,1.0417,1.1466,0.82416,1.0918,0.9979,1.3438,1.3422,1.4988,1.6177,1.5081,1.4487,1.2264,1.0793,0.9932,1.3078,1.7007,1.3328,1.6193,1.588,1.4158,1.7695,1.8588,1.649,2.1593,2.0074,2.1201,2.1139,2.1467,2.524,2.0309,2.1796,2.1014,2.3768,2.729,2.7493,2.7118,2.2782,1.912,2.9998,2.4613,2.4003,1.9714,2.0372,2.6539,2.8464,2.5553,2.74,2.6601,3.0405,2.776,2.6977,2.0622,2.4598,2.5631,2.6695,2.128,2.8495,2.8026,2.7243,3.042,2.6492,2.1029,2.2454,2.4754,2.3502,2.7744,2.7415,2.898,2.5208,2.441,2.4207,2.5646,2.3267,2.5928,2.502,2.6883,2.4003,3.0405,2.8354,2.8151,2.4347,2.6664,2.3111,2.2579,2.394,2.0607,2.4379,2.128,1.9433,2.1734,2.3361,2.3878,2.1499,2.0043,2.1921,1.9229,1.6161,1.7836,1.6193,1.4753,1.0715,0.90712,0.77408,0.85547,0.84138,0.77408,0.62069,0.66295,0.90555,0.38591,0.18087,0.292,0.31078,0.082262,-0.0022577,0.0024379,0.00087271,-0.031996,-0.044518,-0.046083,-0.02104,-0.038257,-0.050778,-0.050778
0.12126,0.093736,0.13502,0.038687,-0.043886,-0.025536,-0.053061,-0.066823,-0.034711,-0.016362,0.0065753,0.12585,-0.011774,-0.034711,-0.062236,-0.062236,0.0019879,0.057037,-0.020949,0.011163,-0.020949,-0.043886,-0.011774,0.0065753,0.01575,-0.025536,-0.039299,-0.030124,0.0019879,-0.011774,0.11982,-0.014034,0.012738,0.043971,0.25814,0.31168,0.26706,0.33845,0.36076,0.508,0.57493,0.8828,0.55262,0.53924,0.51693,0.82033,0.56155,0.42769,0.46339,0.47231,0.17783,0.15998,0.1689,0.093051,0.11536,0.11536,0.17783,0.21352,0.13767,0.19567,0.84711,0.53478,0.66417,0.78018,0.68648,0.47677,0.75341,1.7529,0.6017,0.508,0.24029,0.48123,0.54816,0.41431,0.40984,0.45,0.94973,0.86495,0.75341,0.86942,1.1148,1.1282,0.70433,0.70433,1.0211,0.87388,0.95419,0.72664,0.52585,0.35184,0.53924,1.3334,1.3424,1.6369,1.8243,2.083,1.5387,1.918,1.4495,1.3245,1.7395,1.8198,2.025,2.034,2.0206,1.7618,2.208,2.4043,1.9804,2.1589,1.9358,2.5069,2.5426,2.0429,2.6452,2.7434,2.0964,1.5298,1.8019,3.6982,2.5337,2.9799,1.4628,1.4004,1.918,1.4628,1.4896,1.3781,1.2621,1.851,2.7746,2.2437,2.0875,3.2699,3.0334,3.2164,3.493,1.4985,2.0697,2.2347,3.2297,2.6899,3.2164,3.4171,3.6447,2.2437,2.6095,2.1857,2.1678,2.1455,2.3195,2.2303,2.1187,1.8823,2.092,1.4584,1.5744,1.6012,1.8644,1.8599,1.6502,2.8103,1.7172,3.1807,2.6765,1.9581,2.1634,2.3284,2.1187,1.5922,1.8421,1.4584,1.6904,1.5208,1.3513,1.5208,1.6993,2.4088,1.9224,1.8376,2.2392,2.2749,1.9269,1.7707,1.7127,1.8733,1.0836,1.0479,0.82033,0.74448,0.80249,0.62401,0.61955,0.45446,0.59724,0.28937,0.1109,0.061818,0.15998,0.070742,-0.040805,-0.063114,-0.027419,-0.022957,-0.080962,-0.094347,0.0082756,-0.040805,-0.072038,-0.067576
0.28746,0.8254,0.058417,-0.36395,-0.36395,-0.1265,-0.21476,-0.11809,-0.20215,-0.22106,-0.059257,-0.1307,-0.20845,-0.088676,-0.097081,-0.088676,-0.20635,-0.0088256,0.16558,0.40514,0.20551,0.054214,-0.1307,0.028998,0.195,0.04791,0.23703,0.21392,0.18029,-0.27569,0.052282,0.1463,0.1606,-0.058085,0.45083,0.47127,0.73083,0.61842,0.41404,0.57141,0.39565,0.35272,1.2295,0.52236,0.29345,0.54893,0.13812,0.10746,0.14834,0.11768,0.36294,0.43857,0.51623,0.45696,0.42222,0.38338,0.52441,0.33229,0.5755,0.34251,0.54484,0.90456,0.53463,0.2628,0.18922,0.18513,0.26484,0.32207,0.38543,0.084983,-0.62218,-0.0029019,0.0011857,-0.58131,-0.20933,-0.49138,0.10951,-0.26451,-0.24407,-0.32174,-0.4689,-0.35648,-0.60788,-0.49138,-0.35648,-0.50568,-0.26042,-0.13779,-0.64262,-0.57517,-0.43415,-0.10101,-0.40145,0.27097,0.53463,-0.086699,-0.51182,-0.064217,0.20761,0.017536,-0.69985,-0.83065,-0.48116,-0.4178,-0.52204,-0.68145,-1.0105,-0.64262,-0.53021,-0.76116,-1.2108,-1.0044,-0.87971,-1.08,-0.52817,-0.76934,-0.84905,-1.0228,-0.9492,-0.79591,-0.78365,-0.97372,-1.125,-1.1352,-0.75708,-1.0453,-1.1761,-1.1434,-0.8981,-0.77138,-0.63853,-0.84087,-0.83679,-0.36875,-0.36466,-0.0069896,-0.45868,-0.91649,-0.14801,-0.28291,-0.28495,-0.63853,-0.34831,0.19331,0.53258,0.24645,0.98631,0.65726,0.95361,0.82894,0.97609,1.0497,1.1069,1.2868,1.532,1.3317,0.93317,1.4584,1.3195,1.4687,1.7057,1.1703,1.1294,1.8141,1.3052,1.7221,1.5892,2.1084,1.3174,1.7814,1.8999,1.8406,1.8958,1.4748,1.5198,2.3516,2.6888,1.7364,1.2806,1.9428,1.2765,0.76149,0.49375,1.5627,1.7732,1.9408,2.3598,2.1288,1.6219,1.9735,2.0941,1.7405,1.7425,2.0103,2.652,1.8529,2.0879,1.8488,1.9837,1.8304,1.7241,1.8161,1.5586,1.8427,1.8917,3.3347,2.0839,2.6091,2.6888,2.7685
-0.21254,-0.48944,-0.80213,-1.047,0.15101,0.13405,0.071894,0.11522,0.13029,0.092614,0.22259,-0.14661,0.32807,0.34691,0.53905,0.053057,0.10392,0.04929,0.060592,0.29417,0.29605,0.068126,0.20187,-0.071266,-0.010988,0.19998,0.26591,0.12652,-0.20312,-0.86806,-0.19391,-0.20307,-0.25254,0.024115,0.14504,-1.1045,-1.1338,-1.1503,-0.9231,-1.1906,-1.3921,-1.8978,-1.1814,-1.1393,-0.82233,-1.5094,-0.53285,-0.68492,-0.056499,-0.43392,0.33008,-0.20307,-0.052835,-0.29284,-0.25987,-0.48155,-0.28735,-0.40644,-0.22322,-0.32949,-1.6468,-1.3976,-0.9176,-1.2291,-1.2107,-1.3445,0.053429,0.87972,-1.9802,-2.2349,-0.97806,-1.5772,-2.0096,-1.361,-1.6321,-1.764,-2.07,-1.8978,-1.1594,-1.1283,-1.6505,-1.2107,-0.7234,-0.97623,-1.2767,-1.2639,-0.098638,-0.3533,-0.6098,-0.49621,-0.83516,-1.295,0.57742,-1.4104,-1.2217,0.42535,0.21099,-0.78019,-1.3097,-0.96707,1.0336,1.6254,-0.4046,2.1494,2.8603,-0.23055,-0.012528,-1.328,-1.1924,-1.5625,-0.0051991,-0.35514,-0.62446,1.3268,-0.058331,-0.39178,2.3619,4.5092,0.31726,-0.64461,-0.6666,-0.89928,-0.69408,-0.75271,-1.2547,-0.84065,-0.65377,-0.54018,-0.21773,-1.5112,-1.4508,-0.93409,-0.96524,-0.92493,-0.43209,-1.1741,-0.67576,0.74231,-0.91394,-0.93959,-1.6248,-1.3372,-1.3701,-1.3701,-0.95424,-0.26719,-1.3665,-0.61896,-0.51636,0.13221,0.29894,0.4052,0.51879,0.095568,0.89621,0.72582,1.7518,1.4367,1.3817,1.0776,0.58292,0.41986,0.52978,-0.54751,0.9182,0.6104,-0.02352,-0.47972,0.79178,0.5536,0.5133,1.0922,0.55177,1.248,1.4275,0.2568,-0.029017,-0.44674,0.81377,0.15053,-0.44858,0.0076259,0.12855,0.20916,-0.14994,-0.57866,-0.32582,-0.16459,1.1051,0.26412,0.72399,0.95484,0.99148,0.3539,-0.69225,0.40337,1.0959,0.36489,1.0849,1.0941,1.5796,1.6382,1.5375,1.8654,1.8929,2.3234,0.36489,-0.31483,0.16885,-0.25987
-0.24108,-0.12596,0.0073382,-0.40872,0.31837,0.031574,0.17093,0.31029,0.073988,0.82329,0.45975,0.24768,0.55871,-0.20473,-0.033056,-0.36226,-0.033056,0.42339,0.19921,0.25576,0.16083,-0.097686,0.19517,-0.053252,-0.45719,0.12852,-0.69753,-0.33803,-0.16837,-1.1439,0.025498,-0.0059325,-0.33006,0.39874,0.7268,0.34963,0.21801,0.13551,0.2848,-0.015755,-3.9261e-05,-0.67384,-1.0844,-0.48918,-0.24559,-1.1708,-0.20434,0.33588,0.76805,0.87609,0.26516,0.11193,0.12176,-0.37721,-0.033434,-0.45579,-0.941,-0.91743,-0.6483,-0.18862,-0.7917,-0.22595,0.27498,0.84859,0.44392,0.50482,-0.29667,0.062822,-0.23381,-0.30256,0.41838,-0.56383,-0.65812,-0.2947,-0.60508,-0.50293,0.99003,0.4891,1.1295,0.61875,0.56375,0.094253,0.71894,1.1315,1.0941,0.55196,0.71501,-0.21416,-0.31042,-0.28685,-0.38507,0.49107,0.47732,0.0019252,-0.47347,-0.39882,0.13943,-0.56972,0.094253,0.18658,0.82305,0.34373,0.43017,0.39285,0.80341,0.58536,1.2022,1.2022,1.6167,2.1785,2.485,2.0626,2.0312,2.8052,2.0115,2.701,2.6893,3.0625,3.4868,3.3827,3.6715,3.3356,2.6598,2.1942,3.2197,2.6343,2.0272,1.5244,2.8091,2.6343,2.3337,2.1294,2.4064,2.4201,2.1176,2.3671,1.5145,1.2434,1.491,1.0175,1.3259,2.1942,1.4143,0.42428,1.2592,1.0784,0.5166,1.1059,1.2945,1.7542,1.5067,1.3161,1.6795,1.6658,0.88002,0.92913,0.90163,1.0725,1.3967,1.3888,1.5244,1.0293,1.2297,0.31427,0.092289,0.17087,0.39874,0.80537,0.41053,0.9036,0.79948,0.71305,0.65411,0.52643,0.59125,0.73269,1.1138,0.80341,0.75234,0.55196,-0.3281,0.65019,1.5283,0.495,-0.39292,-0.041292,-0.31042,-0.045221,0.77394,0.21605,0.64036,0.53036,0.48517,0.062822,0.64036,2.0921,2.815,2.2826,1.2395,0.51464,0.70912,1.1295,0.65019,0.60697,0.68947,1.3947,0.74448,1.3534,2.0331,2.2335
0.60457,0.39045,0.33261,0.27562,0.1064,0.08654,0.085677,0.11676,-0.046421,0.03042,-0.02052,-0.02052,-0.023973,-0.053329,-0.10772,-0.13103,-0.11895,-0.13103,-0.097361,-0.106,-0.045558,-0.077503,-0.14485,-0.15693,-0.11636,-0.15348,-0.13362,-0.088727,-0.087001,-0.16816,0.057235,-0.03262,0.016086,0.057235,-0.014145,0.010208,0.15801,0.30077,0.36459,0.50315,0.46368,0.64843,1.0381,1.0028,0.83066,0.87348,1.0742,0.97509,1.2556,1.6435,1.2228,1.0582,0.72233,0.45192,0.46032,0.13785,0.24534,0.13701,0.26046,0.07235,0.14961,0.11518,0.14709,0.16976,0.11854,0.12777,0.065632,0.15969,0.1664,0.14541,0.30832,0.18824,0.1958,0.21427,0.07235,0.053876,0.31756,0.31168,0.23442,0.35871,0.42253,0.62072,1.1145,1.4294,1.4722,1.3387,1.3144,1.29,0.64507,0.7534,0.80126,0.99525,1.002,0.70973,0.58545,0.60896,0.8105,0.66774,0.95326,1.0112,1.1514,0.99525,1.164,1.2808,1.2421,1.5512,1.6058,1.7468,1.8728,2.0794,2.6991,2.6193,2.6907,2.8679,2.2457,2.5942,3.3953,3.4524,2.9511,2.4674,2.6193,2.4825,1.7922,1.7712,2.8578,2.3078,1.8804,1.5562,2.1457,2.6479,2.1642,2.4027,2.1449,2.0995,2.1105,2.0827,2.3271,2.4061,2.6034,2.7201,1.8375,2.8562,2.6479,2.5312,2.5614,2.3918,2.0147,1.8317,1.7561,1.6335,1.5999,2.5161,2.2944,2.0458,1.9559,2.1264,1.8619,1.9753,2.2633,1.851,1.6083,1.2858,1.8602,1.0246,1.3396,0.84493,0.51491,0.34779,0.63499,0.63667,0.74416,0.49055,0.45864,0.32428,0.28397,0.089985,-0.12583,-0.25852,-0.26523,-0.23416,-0.19805,-0.20645,-0.26775,-0.26271,-0.2602,-0.28707,-0.30722,-0.31142,-0.32822,-0.3173,-0.28959,-0.3047,-0.29463,-0.31394,-0.32654,-0.31562,-0.28455,-0.28791,-0.28539,-0.26271,-0.25096,-0.19973,-0.21317,-0.20393,-0.13843,-0.14767,-0.18294,-0.21737,-0.10484,-0.10484
0.29333,0.29894,0.84894,0.70864,-0.2735,-0.31279,-0.43065,-0.55411,-0.088299,0.32701,0.77598,0.56833,0.11935,-0.18932,-0.38014,-0.12758,-0.0097279,0.42241,-0.25105,-0.020952,-0.20054,-0.16126,0.057619,-0.082687,-0.020952,-0.34646,-0.19493,-0.037789,-0.093911,-0.64391,0.081423,-0.3116,0.13601,0.059589,0.12509,0.1906,0.49628,0.46899,0.32706,0.47445,1.1677,2.6033,0.49082,0.90568,0.90022,1.7627,1.5771,1.3751,0.73646,0.88385,0.43624,0.21243,0.24518,0.15239,0.29431,-0.065961,0.1633,-0.087795,0.015919,0.13055,0.9821,0.29431,0.99848,0.74738,0.67096,0.28885,-0.25156,0.65458,-0.049585,-0.25701,-0.082337,-0.33344,0.12509,0.14147,-0.30068,-0.1533,0.58362,1.4188,0.4144,0.69825,1.5389,0.68188,-0.082337,0.40348,1.0149,0.76922,1.2932,0.58362,0.3216,0.10872,0.88385,1.7736,1.6098,1.9428,1.4898,2.2048,0.97664,1.8173,1.1568,1.5553,2.1448,2.0465,2.8053,2.5597,2.1721,2.7125,2.7507,2.5324,2.1066,2.4123,1.588,1.8555,2.254,1.397,3.0127,1.5334,1.1295,0.75284,1.1186,3.2256,1.659,1.1077,0.69825,1.0203,1.0804,0.92206,1.0913,0.72009,0.82926,0.92206,2.6361,0.15784,2.6415,2.3468,1.195,4.9997,1.6317,0.4144,0.33798,0.87293,3.0946,1.1841,3.1983,4.4593,2.2103,0.38711,1.8064,1.0094,1.1459,0.93298,1.0149,0.14147,0.36527,0.20151,0.10872,-0.10963,0.11418,0.22335,0.30523,-0.0004568,0.99848,1.9319,1.7136,2.6797,0.27794,0.1906,2.4396,2.2321,0.22881,0.29431,0.31615,-0.11509,-0.23518,0.097799,0.15784,-0.087795,0.26156,2.5214,0.95481,2.0902,2.123,1.5007,0.74738,0.39257,1.6153,1.7299,0.84018,0.41986,-0.51357,-0.12055,-0.02775,-0.31706,-0.2188,-0.18059,0.11418,-0.25701,-0.016833,-0.0004568,-0.093254,-0.32252,-0.27339,-0.4972,-0.26793,-0.3771,-0.18605,-0.21334,1.7299,0.021378,-0.41532,-0.74284
0.18104,0.35054,0.31961,0.1761,-0.063922,-0.019383,-0.10475,-0.13939,-0.06516,-0.025569,0.1662,0.26641,0.21198,0.12661,-0.032992,0.033817,-0.002062,0.047426,-0.04289,0.04124,-0.17898,0.080831,-0.034229,0.11176,-0.040415,-0.2594,-0.32126,-0.33858,-0.13321,-0.31136,0.085783,-0.32456,-0.28485,-0.21746,-0.29688,-0.33419,-0.057416,0.164,-0.10675,-0.17053,-0.10314,0.19409,-0.17294,-0.19941,-0.25717,-0.14646,-0.32336,-0.13804,-0.16331,-0.14045,-0.38593,-0.42203,-0.39195,-0.41602,-0.27883,-0.14526,-0.069449,-0.15248,-0.045382,-0.23551,0.0063619,-0.051399,-0.11999,0.009972,-0.063433,-0.014095,-0.099533,0.46484,0.35533,0.10263,0.22056,-0.028535,-0.036959,0.011175,-0.10796,-0.074263,-0.056213,0.23139,0.32645,0.43355,0.19409,0.93896,0.71875,0.46364,0.27351,0.16881,0.050886,0.11587,-0.010485,-0.097127,0.035242,0.19168,-0.0056717,0.24342,0.16641,0.011175,-0.065839,0.14956,-0.006875,-0.063433,0.0063619,0.056903,0.082173,0.032836,0.071343,0.0063619,-0.028535,0.11948,-0.056213,0.14595,-0.10916,-0.024925,0.053293,-0.0080784,0.26869,0.23861,0.071343,-0.074263,0.094207,0.81742,0.52501,0.44438,0.20492,0.14234,0.71032,0.54547,0.56833,0.52862,0.53584,0.46725,0.64775,0.64294,0.83427,0.76809,1.0942,1.2302,1.0449,0.85232,0.81983,0.82224,1.0545,1.176,0.87278,1.0725,1.2554,0.68746,0.58638,0.72838,0.75365,0.97747,1.2747,1.4853,1.2025,1.5743,1.5623,1.5467,1.5804,1.7043,1.5238,1.8054,1.9257,1.9377,1.9341,2.247,2.1195,2.3385,2.7632,3.0665,2.5057,2.8824,2.6068,2.5731,2.7849,2.5406,2.442,2.9401,3.1592,2.9799,3.1688,3.5129,2.7705,3.0845,2.5803,3.1026,2.7693,3.1315,3.1351,3.1748,2.3986,2.5659,2.3613,2.2458,1.6802,2.0761,1.7404,1.1147,1.1784,0.951,0.83186,0.85954,1.081,1.0545,0.88361,0.89684,0.92332,1.0256,0.94979,1.0208,1.1772,0.89805
0.21192,-0.0060995,-0.15988,-0.16378,-0.00025955,-0.15404,-0.099539,-0.11706,-0.013886,-0.019726,0.01726,0.25086,0.15547,0.097073,0.048407,0.25864,0.14769,0.36376,0.20803,0.26643,0.08734,0.29368,0.20998,0.26838,0.067873,-0.37791,-0.35455,-0.42852,-0.50639,-0.55116,-0.53108,-0.54244,-0.55569,-0.55948,-0.54812,-0.53865,-0.52729,-0.52161,-0.5254,-0.54812,-0.55948,-0.57652,-0.55569,-0.56895,-0.53676,-0.55569,-0.55191,-0.57273,-0.56705,-0.57463,-0.57084,-0.57273,-0.57273,-0.56895,-0.56516,-0.56327,-0.56516,-0.56516,-0.56705,-0.54433,-0.57273,-0.54055,-0.49321,-0.47428,-0.43262,-0.36067,-0.42126,-0.4118,-0.0028255,0.25846,-0.0047189,0.038829,0.17894,0.34366,0.20355,0.42887,0.3039,1.2941,0.78293,1.5554,0.89464,1.7561,1.4721,1.7542,1.4361,1.2449,0.88706,1.5744,1.6804,1.6955,1.6122,0.87949,0.71287,1.2544,1.2979,1.3547,1.1578,1.0082,1.137,1.2241,0.82269,1.1105,0.58034,1.6463,1.953,1.2676,0.63714,0.69583,1.2563,1.3225,1.2506,0.90978,0.79429,0.77914,1.3869,1.4248,1.474,1.5176,1.1938,1.8603,1.6331,1.6293,1.6217,1.4645,1.8887,1.7523,1.9341,1.7675,1.7751,1.6141,1.4967,1.9303,1.6387,1.5763,2.3658,1.9682,2.2408,1.9549,2.22,2.0572,1.722,1.8129,2.1026,2.0458,2.2711,1.9568,1.7334,1.8981,1.7694,2.0174,1.9814,2.8221,2.8164,2.9527,2.131,2.3298,1.9568,2.1575,1.9587,1.9625,1.9795,2.3772,1.9625,2.5816,2.025,1.8887,2.3279,2.3772,1.3945,1.7069,1.4361,1.6671,1.546,1.722,1.705,1.5157,1.5857,1.8584,2.2143,2.0856,1.1086,1.0518,0.99877,1.9133,1.5043,1.6368,1.7902,1.953,1.1957,1.5497,1.8773,1.6406,1.6577,1.6823,1.9739,0.9912,1.1862,1.2922,1.8356,1.9284,1.6993,1.4399,1.279,1.1881,1.0329,1.4059,1.6236,2.4491,1.9246,1.8906
-0.18999,-0.29625,0.043193,0.70142,0.61878,0.3177,-0.22541,-0.1959,-0.04831,0.81654,1.4954,0.89624,0.18783,0.11994,0.049097,-0.21065,1.032,1.0202,-0.27854,-0.23722,0.031387,-0.59438,-0.56191,-0.31101,-0.70064,-0.2874,-0.74491,-0.32282,-0.73606,-1.3884,-0.51012,-0.60487,-0.81444,-0.32638,-0.66803,1.0201,1.1895,0.73587,0.33393,0.84209,0.97702,2.1024,-0.10532,0.91961,0.93109,1.2785,0.27938,0.45451,0.26216,0.41145,-0.57329,-0.34648,-0.48716,-0.5618,-0.32926,-0.60487,-0.40677,-0.43548,-0.32351,-0.32351,0.68132,0.24206,0.74161,0.74161,0.42867,-0.35222,-0.15413,0.41719,-0.37232,-0.69674,-0.30342,-0.88909,-0.66228,-0.80009,-0.91493,-0.72545,0.77032,0.65261,-0.71396,-0.63645,0.023871,-0.036419,-0.31203,0.23345,0.288,-0.38955,0.29374,0.10139,-0.32351,-0.33213,-0.11968,1.4766,1.066,0.45164,0.65835,1.6861,1.4938,0.65548,-1.0987,-0.70535,1.7522,2.2431,2.0823,1.6316,1.1435,2.7427,3.0384,1.2584,-0.30629,2.0364,2.5273,2.6967,2.5991,2.7656,3.4001,1.0517,-0.11681,0.52054,0.68132,3.6556,0.7818,0.6038,0.18464,0.37987,0.47461,-0.11681,-0.082354,0.2191,0.39709,1.3215,2.9723,0.55212,2.1484,2.7398,1.2785,2.6278,1.1751,0.52342,0.42867,1.244,1.6029,0.63251,3.5953,3.4145,1.9503,2.1512,0.36551,-0.036419,0.45738,0.99138,1.1665,0.466,0.47174,1.1895,0.57509,0.24206,0.15593,0.50906,0.59806,0.055451,0.86793,1.0431,1.8613,2.7714,0.79903,0.47748,1.0632,1.6718,-0.11681,0.28226,0.37126,-0.72257,0.62677,0.21335,0.43442,0.64687,0.27364,1.4507,-1.0958,0.95693,1.3187,0.56648,-0.24026,-0.92928,0.75309,0.43729,-0.55606,0.1301,-0.21155,-0.11106,0.061193,0.092773,-0.036419,0.15306,-0.067999,-0.28619,0.038226,-0.45845,-0.21442,-0.14551,-0.30342,-0.63358,-0.78286,-0.37232,0.288,0.95693,0.98277,-0.50151,-0.86612,-0.76851
1.8176,3.5928,2.162,0.96973,1.0525,1.7315,0.33384,0.16825,-0.36166,0.025833,-0.15301,0.1848,-1.0803,-0.15301,-0.19938,0.092071,0.14175,-0.010598,-0.59018,-1.4248,-1.0406,-0.71935,-0.90481,-0.99424,-0.52394,-0.73922,-0.43121,-0.27224,-0.75247,-1.9216,-0.66315,-0.99494,-0.8371,-0.086538,-0.57295,-0.12519,0.27747,0.019765,-0.10264,-1.1657,-0.71469,-0.2025,-1.6199,0.37733,0.43531,0.14539,0.14539,-0.44732,0.36766,0.88629,0.12285,-0.21861,0.055199,-0.18318,-0.070431,-0.27659,0.26458,-0.46343,-0.11553,-0.12197,-1.665,-1.9259,-0.89508,-0.25727,-0.80489,-1.3783,-1.9807,-1.4363,-0.10909,-0.65348,0.039092,-0.97561,-0.1864,-0.14774,-0.46665,0.2517,2.0492,0.54161,0.64792,2.2489,0.010101,0.79287,-0.047882,0.92173,1.1762,-0.47954,-0.93052,0.2678,1.0216,0.43209,0.75744,0.17439,-0.39578,2.3133,0.9636,-0.65348,-0.98528,-1.8293,-1.7648,-1.7455,-1.5619,0.08419,-0.089759,1.1537,0.62215,0.75422,-0.61161,-0.54718,-1.5716,-1.0723,0.0036582,-0.92085,-0.49242,-0.18962,0.23237,0.1615,0.34511,-0.13486,0.30002,1.3759,1.4629,0.87341,1.1601,0.46108,0.9185,0.37411,0.35156,0.63181,1.4081,0.43531,0.00043693,-1.1624,1.0216,0.00043693,2.1587,1.901,2.1233,1.2825,1.6143,0.52551,0.30324,-0.88864,0.69946,0.50618,2.1812,0.17761,-0.58906,-0.19606,-0.3829,0.39021,1.5434,2.542,1.9654,2.1748,1.6916,0.93783,0.7961,1.4822,0.44497,-0.27337,1.028,1.1279,0.68657,2.3198,0.59638,0.64469,1.115,1.5402,-0.40222,0.3129,-0.33136,-1.0433,-0.76945,0.2066,0.26458,-0.13164,0.64469,0.080969,0.17117,0.98293,-0.33136,-0.26049,-1.7584,1.4661,0.78965,0.56094,0.71878,0.58027,-0.3829,0.44497,0.91528,0.60604,0.88951,1.1311,1.6272,-0.76301,-0.50208,-0.75334,0.47719,0.38377,0.82187,-0.0092269,-0.17996,-0.34746,1.2342,1.785,0.19371,1.7432,2.2296,1.4726
0.88414,1.4128,0.89325,0.41017,0.78387,0.61069,-0.063804,-0.41017,-0.1823,-5.5511e-17,-0.0091148,-0.29167,-0.36459,-0.027344,-0.19141,-0.13672,0.027344,-0.12761,-0.10026,-0.46485,-0.15495,0.091148,-0.036459,-0.23698,-0.33725,-0.60158,-0.1823,-0.19141,-0.19141,-0.81122,0.81056,-0.39513,-0.44832,0.19885,-0.38627,-0.64336,-0.51038,-0.25329,-0.067112,-0.56357,-0.18236,-0.1203,-0.76748,-0.24442,0.23431,-0.33307,-0.075978,-0.50152,-0.10257,-0.031651,0.13679,0.24318,-0.084843,-0.24442,-0.22669,-0.32421,-0.57244,-0.46606,-0.3774,-0.44832,-0.73202,-0.98025,-0.67882,-0.42173,-0.93592,-0.73202,-1.131,-0.69656,-0.8384,-1.0334,-0.27988,-0.85613,-0.98025,-0.67882,-1.0068,-0.93592,-0.28875,0.030407,0.24318,0.083599,-0.11144,-0.44832,-0.23555,0.074734,0.39389,-0.23555,-0.01392,-0.18236,0.22545,-0.084843,0.36729,0.27864,0.33183,0.19885,-0.26215,-0.049382,0.074734,-0.39513,-0.55471,-0.058247,0.18998,0.60666,0.52687,1.7148,1.9719,2.3886,2.9205,3.1776,2.3709,3.4702,3.417,2.3265,2.9117,3.2308,3.6298,3.2751,2.9471,3.7007,2.8496,2.5304,2.2202,1.7769,1.5553,1.3514,1.4666,1.1031,1.112,0.82829,1.4489,1.0233,1.2893,0.94354,1.3514,1.1031,1.2361,1.1652,0.93468,0.5446,0.17225,0.518,0.35843,0.99673,1.112,1.0411,0.23431,0.68645,-0.59017,-0.34194,-0.29761,0.13679,1.0588,0.92581,1.1386,1.0677,1.0677,0.8017,1.1829,1.4134,0.97014,0.76623,1.0145,1.1829,0.83716,0.5446,0.13679,0.30523,0.47368,0.70418,0.42935,0.21658,0.074734,-0.28875,-0.33307,0.38502,0.18112,-0.53698,-0.30648,-0.040516,-0.34194,-0.30648,-0.049382,-0.11144,-0.3774,-0.33307,-0.35967,-0.44832,-0.73202,-0.59017,-0.94479,-0.72315,-0.30648,-0.25329,-0.44832,-0.65223,-0.59017,-0.404,-0.10257,-0.16463,-0.26215,-0.43946,-0.22669,-0.43059,-0.25329,-0.1735,0.021542,0.38502,0.42048,0.2875,0.3141,-0.30648
0.80832,0.29478,0.6764,0.61044,0.14401,0.16286,-0.025599,-0.077424,0.23353,0.29949,0.54919,0.16286,0.1393,0.068629,-0.2329,-0.086847,-0.32242,0.10161,-0.03031,-0.2329,-0.091558,-0.053867,-0.086847,-0.28944,-0.32242,-0.41664,-0.41664,-0.48732,-0.34597,-0.73231,-0.668,-0.5122,-0.52594,-0.4068,-0.26932,-0.20975,0.18434,0.033119,-0.12269,-0.067695,0.94503,1.2979,-0.29682,0.10186,0.73424,2.5901,0.1156,0.033119,0.15685,0.34015,-0.008123,-0.090608,-0.09519,-0.21433,-0.28307,-0.55802,-0.68175,-0.77798,-0.73674,-0.63592,0.36764,-0.4068,-0.41138,-0.41138,-0.34264,-0.76423,-1.085,-0.80547,-0.47095,-0.83297,-0.35181,-0.76423,-0.41138,-0.13185,-0.74132,-0.70008,0.069779,0.49137,0.014789,-0.081443,0.34931,-0.13185,-0.53511,-0.5901,0.083527,-0.28765,-0.13643,0.12477,-0.20059,-0.26932,-0.1456,0.221,0.5097,0.93587,0.68383,2.0357,-0.31973,0.37222,-0.36097,-0.053948,0.98628,1.2108,2.6222,2.9384,1.4354,1.7286,1.8111,2.2831,0.95878,2.5856,1.1421,1.0092,2.0998,0.65175,3.4975,2.2877,0.60593,-0.17767,0.2485,3.8687,1.5774,0.79381,0.25308,-0.09519,0.13393,-0.09519,-0.072278,-0.10894,-0.031035,0.069779,1.5499,0.019372,2.9476,1.2154,0.70216,6.2515,1.747,-0.32431,-0.072278,1.0321,3.4654,0.94503,2.6589,3.5983,0.88088,1.6782,0.90379,0.35389,0.30807,0.53261,1.2704,-0.13185,0.065197,0.056032,0.10186,-0.012705,-0.02187,-0.031035,0.056032,0.060614,1.0733,1.8386,1.0184,1.7378,-0.21892,-0.26932,0.79839,0.80298,-0.15934,-0.17767,-0.053948,-0.33806,-0.24641,-0.13643,-0.2235,-0.29682,-0.12269,1.6553,0.0056244,1.4354,0.96336,0.76632,-0.086025,-0.20517,1.1833,-0.012705,-0.26016,-0.47554,-0.79631,-0.61759,-0.40222,-0.39305,-0.44804,-0.42055,-0.196,0.11102,-0.008123,-0.072278,-0.20517,-0.26932,-0.15476,-0.049365,-0.25099,-0.044783,-0.05853,0.46846,1.4216,0.097274,0.3264,-0.1456
-0.26965,-0.093435,0.22752,0.36094,-0.3351,-0.39929,-0.30992,-0.21175,-0.038053,0.38989,0.2678,0.54345,0.22878,-0.067003,-0.26084,0.068933,0.32948,0.48429,0.031173,0.52583,0.19857,0.070191,0.14697,0.21494,-0.074555,-0.36279,-0.32503,-0.34391,-0.21427,-0.78318,-0.70518,-0.48359,-0.48482,-0.25222,-0.022062,0.69655,0.55087,0.47375,0.1126,0.72104,0.48966,0.79939,0.76634,0.62922,0.14443,0.60719,0.026906,0.14198,0.063633,0.051391,-0.17999,-0.31832,-0.14816,-0.30975,-0.022062,-0.27915,-0.30731,-0.42238,-0.33179,-0.36362,0.99771,0.96099,0.86427,0.72961,0.69288,0.22156,-0.28405,-0.16897,-0.17019,-0.1151,-0.32934,-0.1151,-0.11021,-0.2767,-0.09674,-0.094291,-0.18488,0.76756,0.18605,0.44926,0.64146,0.097911,-0.31098,0.023234,0.59005,0.65493,0.19218,-0.036753,0.048942,-0.0024749,0.010991,1.1838,1.3331,1.3172,0.94997,1.862,2.1081,2.0554,1.5425,1.6576,2.3333,1.7677,2.2513,1.4433,1.7445,1.9232,1.7469,1.5609,1.283,1.6257,1.8302,2.0811,2.2538,2.3835,1.9232,1.2083,0.70512,0.91569,0.9316,2.1044,1.0161,0.96466,0.80796,0.83489,1.1777,0.87407,0.72961,0.66228,0.7896,1.4201,1.9612,1.1471,1.6245,2.0799,1.7518,2.0505,1.4923,0.83367,0.85448,1.9502,2.1424,2.1583,2.9748,2.8071,2.4766,2.7398,2.7471,2.3125,2.3137,2.3725,2.3456,2.0763,1.7824,1.5915,1.3368,1.3625,1.1042,1.4752,1.6123,1.485,1.8706,2.3835,2.4839,2.6578,1.7837,1.5388,1.7629,2.124,1.5229,1.3723,1.8106,1.6282,1.3784,1.5878,1.6013,1.2462,1.5413,2.8047,2.1215,3.1646,3.3641,3.4829,2.7043,2.6455,2.872,2.3162,1.6906,2.1938,1.2511,1.6686,1.8938,1.8485,2.0138,2.1681,2.1693,2.3003,1.9159,2.0346,1.971,1.7543,1.7567,1.649,1.5915,1.5719,1.9955,1.7041,2.7165,2.0603,1.7996,1.5768
1.466,1.267,1.0964,1.2788,0.73629,0.48991,0.12745,0.17483,0.2767,1.1911,1.3309,0.82158,0.25064,-0.062068,-0.31082,-0.20895,-0.043116,0.58468,-0.043116,-0.25633,-0.14498,-0.3653,-0.19236,-0.86754,-1.0902,-1.1968,-1.4574,-1.5451,-1.4716,-1.8365,-1.5772,-1.4436,-1.6302,-1.1786,-1.0495,-0.90899,-1.3698,-1.4597,-1.8468,-1.6579,-1.8583,-1.6625,-1.962,-1.6625,-1.25,-1.1694,-1.9367,-2.2685,-1.8307,-1.7708,-2.0887,-1.8698,-1.6233,-1.7569,-1.8168,-1.9274,-2.091,-2.1417,-2.197,-2.1648,-2.0404,-1.7178,-1.7869,-1.6394,-2.227,-2.2431,-1.4873,-2.015,-2.3376,-2.2616,-2.6924,-2.1302,-2.5864,-2.7155,-2.1187,-2.4136,-2.5864,-1.8929,-2.2984,-2.4505,-2.5219,-2.5288,-2.7731,-2.5404,-2.2892,-2.3284,-2.4159,-2.6302,-2.5934,-2.5381,-2.6233,-2.3952,-2.5542,-2.4758,-2.5427,-2.2086,-2.3169,-2.4874,-2.5726,-2.4021,-2.1463,-2.3675,-2.0841,-2.2961,-2.4136,-2.1417,-2.2731,-2.2938,-2.2777,-1.9758,-2.2178,-2.3169,-2.1164,-2.204,-1.8975,-2.3284,-2.3952,-2.2754,-2.409,-1.9436,-2.0726,-2.2754,-2.2063,-2.3192,-2.3606,-2.3768,-2.2823,-2.2546,-2.2685,-2.0058,-1.7316,-2.1049,-1.9205,-1.9827,-1.5519,-1.7523,-2.0035,-1.7039,-1.8721,-0.85829,-0.68087,-0.94816,-0.32833,-0.81451,-1.1164,0.18781,-1.174,-0.99885,-0.95738,-0.28224,-0.090995,-0.44584,-0.57027,-0.11404,-0.4228,-0.68318,-0.50806,-0.63479,-0.34215,-0.40898,-0.30068,0.021911,0.042649,-0.30298,-0.24307,-0.1463,-0.75,-0.38824,-0.5887,-0.37441,-0.39515,-0.55875,-0.33985,-0.14399,-0.43893,-0.47119,-0.27303,0.33298,-0.070257,0.50119,0.30072,-0.06104,-0.62327,-0.37902,-0.92051,-1.1486,-1.3813,-1.0864,-1.3399,-0.95968,-0.58179,-0.84677,-0.74078,-1.1763,-0.57027,-0.57257,-0.93664,-0.66474,-0.88825,-1.015,-1.1624,-1.1279,-1.144,-1.1671,-0.90207,-0.65322,-0.64631,-0.45275,-0.89055,-0.66244
0.035129,0.1423,0.09586,0.074426,0.15659,0.10658,0.43524,0.16016,0.31021,0.34236,0.3495,0.31378,0.21375,0.052991,-0.082761,-0.00059541,-0.082761,0.088715,-0.082761,-0.13278,-0.18279,-0.2328,-0.15778,-0.21137,-0.15421,-0.25067,-0.30782,-0.33283,-0.32926,-0.3364,-0.30145,-0.36052,-0.38137,-0.30493,-0.26323,-0.16941,-0.17984,-0.25976,-0.23196,-0.17984,-0.15204,-0.047801,-0.3501,-0.30145,0.0077941,0.45255,-0.3501,-0.05475,-0.17636,-0.22848,-0.26671,-0.27018,-0.29103,-0.27366,-0.30145,-0.32925,-0.41959,-0.35705,-0.37442,-0.31188,-0.28408,-0.3084,-0.20764,-0.20764,-0.2945,-0.24933,0.17805,0.05644,-0.30145,-0.3223,-0.13814,-0.20069,-0.27366,-0.21806,-0.16594,-0.27713,-0.40569,0.23017,0.26145,-0.079073,-0.25281,0.10509,0.16763,-0.19374,-0.096446,-0.14162,0.44908,0.04949,-0.051275,-0.13814,-0.13467,-0.17984,0.028642,0.13636,-0.089497,0.41433,0.11898,0.066864,-0.23891,-0.14509,0.10161,0.05644,0.31009,0.16415,0.084237,0.063389,0.032117,0.13636,-0.14857,0.34484,0.10856,0.035592,0.2267,0.20238,0.43171,-0.020003,-0.13814,-0.14857,-0.13119,0.29272,-0.10687,-0.040851,0.077288,0.046016,-0.1034,-0.065174,0.059914,0.073813,-0.05475,0.13636,0.68188,0.46645,0.92858,0.65756,0.44908,1.0954,0.61586,0.42476,0.087712,1.1336,1.2031,0.94596,1.766,1.627,1.1996,2.0405,1.1371,0.57764,0.58112,0.68188,0.79655,0.68188,0.64366,0.89036,0.79307,0.75833,0.92511,0.99113,1.0884,1.1683,1.3421,1.7486,1.5992,2.0057,0.7757,0.52205,1.7034,2.4679,1.2656,1.349,1.4289,1.4185,1.5992,1.9362,1.9501,1.21,1.2726,3.3887,2.4887,3.9759,4.3303,4.1844,3.6423,3.6632,4.0766,2.9265,1.832,2.3289,1.1788,1.2761,1.7278,1.6687,1.9849,1.7278,1.8563,1.9015,2.249,2.1378,2.2073,1.9884,1.7243,1.4811,1.5922,1.6374,1.8702,1.5262,1.7799,1.4706,1.7834,1.6756
1.0381,1.0425,1.3101,0.9452,0.82577,0.73509,0.2441,0.23082,0.22198,0.71076,0.81028,0.29496,-0.050058,0.13793,-0.19603,-0.1341,-0.36854,0.19323,-0.050058,-0.48355,-0.59413,-0.38623,-0.43268,-0.4946,-0.79981,-0.66269,-0.63173,-0.76885,-0.97011,-1.7177,-0.72929,-0.94225,-0.99818,-0.82824,-0.60022,-0.79167,-0.15493,-0.284,-0.36574,-0.3894,0.16559,0.75071,-1.2262,-0.3808,0.032223,1.3961,-0.33132,-0.23237,-0.13772,0.5528,-0.24743,-0.4776,-0.68626,-1.0584,-1.1638,-1.5424,-1.7382,-1.8393,-1.7704,-1.5876,-1.0778,-1.7253,-1.4198,-1.2327,-1.4048,-1.8199,-2.3792,-1.9791,-1.7877,-2.0157,-1.4241,-2.0522,-1.6414,-1.48,-1.9425,-1.8974,-0.78952,-0.26464,-0.30121,-0.41952,-0.47545,-1.2606,-1.3703,-1.0713,-0.31196,-0.79812,-0.95086,-1.0821,-1.1982,-1.1961,-1.0928,-0.51632,-0.32702,-0.32917,-0.017254,0.67757,-0.55289,-0.469,-1.1961,-0.72283,0.47106,0.84751,1.2562,1.908,1.2412,1.1594,1.5122,1.3509,0.42158,2.2006,1.4843,0.93571,1.7553,0.9185,2.8373,2.2243,0.38286,-0.055975,0.28391,2.7298,0.89699,0.33984,0.06449,-0.35929,-0.31842,-0.51632,-0.30981,-0.25818,-0.11836,-0.20656,0.83891,-0.090393,1.6069,0.68187,0.66251,3.6074,0.95292,-0.45179,-0.13987,0.30757,2.2458,0.93141,1.7467,2.0844,0.47966,0.53129,-0.32917,-0.5744,-0.6583,0.010711,1.1874,-0.092544,-0.16783,0.083851,0.23443,-0.18074,-0.38725,0.038676,-0.058126,-0.043068,0.52484,1.039,0.19786,0.84751,-0.64754,-0.88202,-0.13342,0.025769,-0.82824,-0.91214,-0.74865,-1.0046,-0.94655,-0.80243,-0.9444,-0.78307,-0.76586,0.53129,-0.68626,0.1785,0.10751,-0.045219,-0.63894,-1.0046,-0.24528,-0.70993,-1.1875,-1.1036,-1.5424,-1.3617,-1.1186,-0.96807,-1.0563,-1.0885,-0.70778,-0.25603,-0.21946,-0.35929,-0.73359,-0.60667,-0.63248,-0.69487,-0.73359,-0.68411,-0.47115,-0.15923,1.31,0.20216,0.32693,0.047281
0.22991,1.2935,0.3874,-0.17137,1.2482,0.96128,0.67219,0.42408,-0.24041,0.21481,0.50391,0.065946,0.35073,0.33778,-0.27493,-0.21452,-0.15843,-0.018194,-0.48852,-0.56187,-0.17353,-0.25336,-0.5856,-0.6719,-0.50362,-0.22315,-0.16922,-0.20589,-0.25336,-1.5219,-0.12157,-0.82243,-0.53076,0.29812,0.13864,-0.90427,-0.59371,-0.57272,0.090373,-1.07,-1.2274,-1.7856,-1.7982,-0.85391,-0.27265,-1.5632,-0.68394,-1.4394,-0.66295,-0.82453,-0.12996,-0.25167,-0.69023,-0.54544,-0.49928,-0.45941,-0.23488,-0.094287,0.29392,0.43031,-1.5946,-1.6786,0.17221,-0.077499,-0.53285,-0.9966,-1.2988,-1.0575,-1.0784,-1.5422,-0.14885,-1.538,-2.0227,-0.97352,-1.2211,-1.3051,-1.7101,0.4513,2.1006,1.597,0.098767,3.559,3.0072,1.3809,0.82272,0.20579,-0.24957,0.45969,0.0043385,-0.19081,0.19319,0.94652,0.82691,1.7817,1.6999,1.5425,1.1438,0.56881,0.22677,-0.0061536,0.67583,0.98849,1.1878,2.4028,2.4993,1.4774,1.4103,1.5026,1.3263,1.5173,2.2328,0.62966,1.4753,0.49327,1.9433,0.9822,1.5152,1.4061,0.8458,1.6411,1.3515,-0.28314,0.34218,-0.014547,-0.52656,-0.018744,0.088275,0.081979,0.098767,0.47228,0.92134,2.2853,0.88567,0.41772,1.6642,1.0556,0.94023,-0.27685,-0.052318,0.50376,0.9801,0.91505,1.4396,0.87098,0.40094,0.85209,-0.17822,-0.51397,-0.62308,0.48487,1.2424,1.7313,1.2466,1.1165,1.3326,0.90875,0.57301,0.17011,0.28552,-0.23908,0.1869,-0.24537,-0.30832,-0.48459,-1.0218,-0.69653,-1.1959,-0.90637,-1.1393,-0.83712,-0.67345,-0.052318,-0.21809,-0.0061536,-0.34819,0.38835,0.76396,0.34638,1.2382,0.10506,0.12814,0.23726,0.31071,0.79963,-0.067007,-0.85181,-1.6555,-1.2442,-0.16563,0.025323,0.14493,0.12814,0.23936,0.073586,-0.4678,-0.016646,0.43241,0.30861,0.35267,0.64016,0.64645,0.098767,0.021126,0.24146,0.60238,2.747,2.2454,2.5917,1.4753,1.4375
4.9121,3.0505,0.49576,0.1789,1.0701,-0.41522,-1.0093,-0.59346,-1.1084,0.2185,1.7434,1.0305,-0.2766,-0.71228,-1.4846,0.87204,-1.0886,-0.33601,-0.87072,-1.3064,-1.247,-0.35581,-0.98954,-0.55385,-0.39542,-0.2766,-0.47464,0.39674,-0.09836,-0.37562,-1.2321,-0.82316,-0.76474,1.1243,0.092142,-0.27788,1.1827,-0.47262,1.1048,1.5917,-0.3363,-0.16103,-0.53104,0.48163,-1.1542,-0.12208,0.9685,0.61795,-0.56999,-0.64789,-0.86211,-1.0763,0.18951,-0.024706,-0.78421,-0.3363,-0.19998,1.0659,-0.1026,-0.12208,0.52058,0.22846,1.767,1.1438,-0.64789,0.44268,-0.43367,-0.60894,0.17004,1.9033,-1.0763,-0.88159,-0.64789,-0.56999,0.57901,1.2801,0.46216,-0.063655,-0.04418,0.54006,-0.4921,-0.04418,0.94902,-0.19998,1.2411,1.1243,0.22846,-0.23893,0.092142,0.83218,0.18951,0.22846,1.0074,-0.083129,-0.19998,2.2149,0.40373,2.3901,1.4943,0.8906,1.0659,0.9685,1.0659,-0.14155,-0.55052,0.8906,-0.0052312,1.8254,0.77375,-0.72579,0.092142,0.50111,-0.2584,-0.84264,0.92955,0.52058,0.54006,0.77375,1.0464,-0.64789,0.17004,-0.19998,1.3385,-0.16103,-1.0179,0.69585,0.32584,3.6755,0.79323,-0.37525,-0.16103,0.54006,-0.29735,0.9685,-0.063655,-0.45315,-0.12208,0.014243,-0.1805,-0.063655,1.8449,1.9228,1.4359,1.2217,0.38426,0.30636,1.5138,0.79323,0.55953,3.1302,1.0464,1.5333,0.9685,0.26741,0.69585,0.42321,0.42321,-0.14155,1.7864,0.63743,2.5654,0.57901,-0.4142,-0.19998,1.6696,0.20899,-0.0052312,-0.04418,0.52058,-0.45315,-0.43367,0.40373,1.9228,3.0328,0.55953,0.13109,0.26741,-0.12208,2.4875,0.44268,0.053193,0.57901,-0.19998,0.46216,0.55953,-0.2584,1.2411,2.7017,1.1632,1.2217,-0.58947,-0.4142,-0.16103,-0.66737,-0.51157,-0.3363,0.57901,-0.063655,2.468,2.6044,1.7864,1.0464,0.40373,-0.2584,0.6569,-0.21945,-1.0763,-0.64789,0.57901,0.48163
-0.55135,-0.41688,-0.18154,-0.4505,-0.34964,-0.55135,-0.14792,-0.65221,-0.65221,-0.24878,-0.31602,4.3234,4.5587,1.096,-0.41688,-0.48411,-0.68583,-0.24878,-0.2824,-0.65221,-0.51773,-0.047067,-0.55135,-0.31602,0.32274,0.08741,-0.68583,-0.4505,-0.24878,-0.2824,0.10593,-0.12549,0.20511,0.03981,-0.58833,-0.62139,-0.55527,-0.45609,-0.35691,0.07287,-0.48915,-0.55527,-0.22467,-0.62139,-0.09243,-0.52221,-0.42303,-0.48915,-0.58833,-0.45609,-0.52221,-0.58833,-0.52221,-0.02631,-0.25773,0.40347,1.5606,-0.12549,-0.02631,0.30429,-0.45609,-0.15855,-0.15855,-0.09243,-0.45609,-0.25773,-0.05937,0.17205,-0.38997,-0.42303,0.56877,0.23817,-0.68751,0.03981,0.13899,0.07287,0.83325,0.37041,0.07287,-0.32385,0.50265,2.2548,1.1308,1.3622,0.53571,-0.02631,-0.15855,0.07287,3.5772,0.33735,0.46959,-0.58833,-0.02631,-0.25773,-0.55527,-0.19161,-0.65445,-0.68751,-0.62139,-0.19161,-0.09243,-0.68751,-0.52221,-0.55527,-0.55527,-0.48915,-0.35691,-0.65445,0.13899,0.30429,0.10593,0.0067499,-0.45609,-0.48915,-0.35691,1.0647,-0.32385,0.40347,0.60183,-0.42303,-0.02631,0.0067499,-0.22467,0.07287,0.07287,-0.02631,-0.48915,0.30429,8.7015,3.0483,0.80019,1.263,0.66795,0.40347,0.03981,0.33735,0.99854,1.9573,1.1308,0.83325,0.50265,1.0316,0.70101,1.1969,0.63489,0.76713,-0.42303,-0.65445,-0.72057,-0.62139,0.10593,-0.32385,0.07287,0.43653,0.27123,0.50265,0.07287,0.76713,-0.12549,1.0316,-0.45609,0.43653,0.33735,0.96548,1.263,0.40347,0.17205,0.83325,-0.35691,0.73407,0.43653,0.13899,0.76713,-0.52221,0.03981,0.83325,0.66795,0.46959,0.80019,1.5936,0.89937,0.99854,0.83325,1.7589,0.83325,0.17205,1.4283,0.83325,0.50265,1.9242,0.37041,0.86631,0.63489,0.53571,0.83325,0.80019,0.46959,0.99854,0.27123,0.07287,1.1969,0.53571,1.1969,1.5936,-0.19161,0.27123,0.13899,0.50265,-0.19161,0.20511
-0.66526,1.3362,0.47845,-0.68432,2.5753,1.1266,0.78344,-1.9043,-1.9615,1.0312,1.6984,-0.18871,-1.0465,0.28783,-0.2459,2.3846,1.8509,-0.70338,-0.2459,-1.0465,-0.72245,-1.0465,-0.36027,-1.6946,-1.0274,-0.2459,0.82157,-1.2181,-0.20777,0.84063,-1.3921,-0.52985,-1.3171,-1.1297,-0.97973,-1.5233,-0.5486,-1.7483,-0.7173,-1.6545,-1.0922,-0.43613,-2.3106,-1.6545,-2.5168,-1.5608,-0.62357,-2.4418,-1.617,-0.84851,-0.92349,-1.3359,-0.66106,-1.617,-1.2422,-1.3171,-0.81102,-2.1606,-2.1044,-1.9732,-2.0482,-0.62357,-0.7173,-0.06123,-1.5796,-0.43613,-1.0922,-0.52985,-0.79228,-2.1044,-2.2169,-2.2356,-1.6545,-1.5983,-1.9919,-1.5983,-2.0482,-1.1109,0.51986,-0.62357,-1.3359,-1.1672,-1.5046,-1.2234,0.33241,-0.079975,1.026,-0.92349,-1.4109,-1.7295,-1.8795,-0.92349,-1.9545,-1.3734,-0.09872,-1.8795,-0.30491,-1.0547,0.72605,-0.06123,0.088728,-1.7483,-1.1297,-0.94224,0.25743,0.27618,-1.4858,-1.7108,-1.5046,-0.3424,-1.2047,-0.49236,-1.4483,-1.692,-0.49236,-2.4043,-1.5796,-1.0922,-1.6545,-2.4418,-2.3294,-0.5486,0.12622,-0.1737,-2.3668,-2.4418,-2.3106,-1.8795,-1.767,-1.6733,-1.3734,-1.6358,-1.2422,-0.67981,-1.8045,-1.1484,-1.0547,-0.58608,-1.7108,-0.99847,0.14496,-1.5421,-0.67981,-1.5233,-1.1484,-0.90475,0.12622,0.35116,-1.5983,-0.47362,-1.2609,-1.2609,-0.66106,-1.8232,-1.7295,-1.4858,-1.917,-1.5608,-1.9545,-1.3734,-2.5355,-1.8982,-1.9545,-1.0734,0.35116,0.051239,-1.3171,-0.97973,0.3699,-1.1672,-1.5421,-0.51111,2.3568,-1.1297,-1.8795,-1.2047,-0.51111,-0.56734,1.2322,-1.3546,-1.4296,-0.19244,-0.94224,-0.30491,-0.56734,-0.84851,-0.69855,1.4196,-0.43613,-1.2234,-1.3171,0.95099,-0.67981,-1.3171,-0.52985,0.21994,0.81978,-0.84851,1.1572,1.3259,-0.58608,-2.0857,-1.7295,-1.2609,0.14496,-1.5046,-0.97973,-0.66106,0.51986,-0.7173
-0.78361,-0.66853,-0.40384,-0.15066,-0.42398,-0.23697,-0.29164,-0.16505,-0.12189,-0.10463,0.10827,0.11978,0.2176,-0.052842,-0.032702,-0.06435,-0.095997,0.010453,0.20609,0.20609,0.036347,-0.038456,-0.047087,0.24062,0.41324,0.3931,0.58586,0.43913,0.4938,0.21185,0.17256,0.215,0.6224,0.48943,0.90814,0.48094,0.15841,0.33665,0.31967,0.25743,0.23763,-0.084897,0.073537,-0.23767,-0.059435,-0.12733,-0.062264,-0.14148,-0.25465,-0.099043,-0.22353,0.059391,-0.033972,0.0056363,0.084853,0.32816,0.19236,0.26875,0.20934,0.11315,-0.062264,0.053732,0.19236,-0.070751,0.15558,0.21217,-0.048118,-0.0085096,0.4583,0.23763,0.39606,0.20651,0.059391,-0.059435,0.11032,-0.23201,0.053732,0.084853,-0.036801,0.039586,-0.0056804,0.33665,-0.031143,0.15558,0.09617,0.20368,0.19802,0.22631,0.47245,0.41021,0.3706,0.60542,0.42435,0.63371,0.47245,0.33665,0.3508,0.28007,0.31402,0.27441,0.3508,0.35645,0.68464,0.48943,0.56298,0.32533,0.49225,0.17539,0.43567,0.27158,0.40172,0.98453,0.74405,0.4385,0.74971,0.6422,0.47528,0.59128,0.54318,0.6903,0.69313,0.53752,0.15841,0.29987,0.20934,0.54035,1.1684,0.51489,0.2348,0.43567,0.35645,0.40172,0.24612,0.42718,0.22914,0.31402,0.45265,0.42153,0.54601,1.0383,1.1515,1.3467,1.6664,1.1599,2.2661,1.4372,1.5589,1.8644,3.8307,2.6368,2.8376,2.5123,2.4897,1.689,1.7993,1.9436,1.805,1.7116,1.6381,1.9606,1.3552,2.2775,1.8163,2.4104,1.8503,1.9804,2.3397,2.0823,1.7682,1.8135,1.9266,2.1841,2.8263,2.0653,1.8531,1.9861,1.7484,1.8078,2.286,2.1388,2.5236,2.1247,2.4642,2.2746,2.8688,2.3765,3.064,4.2692,2.5321,2.5406,2.6085,2.6283,2.2944,2.0653,2.1502,1.9153,2.0992,1.8305,3.4714,2.4302,2.832,1.7229,1.9182,1.6437,2.3906,1.6862,1.672,1.3721,3.2168,1.6975
2.366,0.2629,-0.16687,-0.14498,-0.13769,-0.13769,-0.14764,-0.14963,-0.15427,-0.18876,0.15546,-0.1934,-0.21794,-0.25176,-0.23319,-0.20998,-0.15825,-0.11381,0.024805,-0.061415,-0.064731,-0.0707,-0.10917,0.020825,-0.02958,0.042712,0.80079,-0.19539,-0.28028,-0.25641,-0.26111,-0.26177,-0.24481,-0.1972,-0.17372,-0.28198,-0.24742,-0.26242,-0.16785,-0.19328,-0.0041464,-0.17763,0.26717,-0.19785,-0.18937,-0.22133,-0.21546,-0.035452,-0.15741,-0.095454,-0.11828,0.012159,-0.079149,-0.043278,0.19804,-0.085671,0.34543,0.089118,0.60044,-0.13198,0.22804,-0.20046,-0.25655,0.27956,-0.0002332,-0.15546,-0.19655,-0.14633,0.19673,0.29391,-0.22655,-0.27155,-0.25133,-0.2859,0.099553,0.042812,-0.13393,-0.17046,0.041508,0.021942,-0.1248,-0.25003,-0.032191,-0.22785,-0.1522,-0.11959,0.0056366,-0.15937,-0.17698,-0.074584,0.3213,0.12695,0.3963,-0.19002,0.26195,0.40022,-0.094802,-0.17111,-0.17502,0.28543,-0.18415,-0.099367,-0.19981,-0.26633,-0.015886,-0.26503,-0.26763,-0.16067,-0.12154,-0.16394,-0.18154,-0.22198,-0.24676,-0.25916,-0.26763,-0.27416,-0.23633,-0.20828,0.16608,-0.28264,-0.24155,0.085857,-0.14828,-0.20307,-0.20307,-0.26177,-0.25133,0.44978,-0.17698,-0.28198,-0.28198,-0.28264,-0.28264,-0.27677,-0.28329,-0.27416,-0.28133,-0.27481,-0.2872,-0.28068,-0.12741,-0.015234,2.272,-0.21872,0.51435,0.20586,0.19999,2.602,0.038247,-0.20633,-0.2585,0.32913,1.4418,1.1561,1.1268,1.8905,1.3896,0.81632,1.5246,2.3516,2.5531,2.3581,2.4827,2.3796,1.3348,-0.28329,-0.28785,-0.28459,-0.28394,-0.28394,-0.28329,-0.28068,-0.19655,-0.2422,-0.23959,-0.25655,-0.2722,-0.27155,-0.13654,-0.27611,-0.26437,-0.26111,-0.26763,-0.24807,-0.24676,-0.2722,-0.18807,0.11195,-0.17959,-0.18611,-0.24416,-0.21415,-0.24742,-0.22916,-0.2559,-0.11437,-0.20307,-0.25459,0.13934,1.6629,2.4279,4.8867,5.3491,5.0608,4.3102,2.7279,2.8147,2.8571,3.7245,2.3405
0.021416,-0.0015297,-0.0015297,-0.0015297,-0.0015297,-0.0015297,-0.0015297,-0.0015297,-0.0015297,-0.0015297,-0.0015297,-0.0015297,-0.0015297,-0.0015297,-0.0015297,-0.0015297,-0.0015297,-0.0015297,-0.0015297,-0.0015297,-0.0015297,-0.0015297,-0.0015297,-0.0015297,-0.0015297,-0.0015297,-0.0015297,-0.0015297,-0.0015297,0.021416,0.088728,-0.0015297,-0.0015297,-0.0015297,-0.0015297,-0.0015297,-0.0015297,-0.0015297,-0.0015297,-0.0015297,-0.0015297,-0.0015297,-0.0015297,-0.0015297,-0.0015297,-0.0015297,0.043599,0.021035,-0.0015297,-0.0015297,-0.0015297,-0.0015297,-0.0015297,-0.0015297,-0.0015297,-0.0015297,0.021035,-0.0015297,-0.0015297,-0.0015297,-0.0015297,0.021035,0.021035,-0.0015297,-0.0015297,0.021035,0.021035,-0.0015297,0.021035,-0.0015297,0.043599,0.11129,0.066164,0.066164,0.11129,-0.0015297,-0.0015297,-0.0015297,-0.0015297,-0.0015297,-0.0015297,-0.0015297,-0.0015297,-0.0015297,0.021035,-0.0015297,-0.0015297,0.021035,-0.0015297,-0.0015297,0.021035,-0.0015297,0.021035,0.17899,0.51745,1.1267,1.1944,0.44976,0.13386,-0.0015297,-0.0015297,-0.0015297,-0.0015297,-0.0015297,-0.0015297,-0.0015297,-0.0015297,-0.0015297,0.021035,0.42719,1.1267,0.65284,0.85592,2.0518,1.9164,1.3072,2.2775,0.72053,0.65284,0.7431,1.939,1.8262,1.2395,2.0293,1.3523,1.1041,1.9616,2.7739,1.1493,1.4426,1.3298,0.85592,1.6005,1.6457,1.4652,1.0816,0.94618,1.1267,1.4652,1.7811,1.4877,2.9318,2.7513,2.0293,0.90105,3.0447,3.5862,1.7811,4.1503,1.6457,3.2478,2.0067,2.5708,2.0067,1.2846,1.4426,1.6682,1.3975,2.1421,1.6457,3.2478,1.4652,1.9841,2.458,3.6088,2.0067,2.0293,1.7359,4.0375,0.85592,0.47232,0.043599,0.043599,-0.0015297,-0.0015297,-0.0015297,-0.0015297,-0.0015297,-0.0015297,0.11129,0.021035,-0.0015297,0.043599,0.021035,-0.0015297,-0.0015297,0.021035,-0.0015297,-0.0015297,-0.0015297,-0.0015297,0.021035,0.20155,0.24668,0.40463,1.7134,1.0364,2.0744,1.3523,4.0601,2.5257,3.1575,1.5329,1.2621,1.5103,2.5708,0.42719,0.088728,-0.0015297,0.043599
-0.83609,0.4946,-0.13498,0.69015,-0.10636,-0.54515,-0.81702,-0.76455,-1.1461,-1.127,-0.068204,-0.65008,-0.68347,-1.2081,-0.80271,0.68538,-0.034817,-0.49746,-0.44023,-0.034817,-0.21606,-0.44023,-0.54515,0.78554,0.93816,1.4628,1.5296,1.9207,1.9922,0.59953,0.92931,0.4087,0.55878,-0.30421,1.267,0.87303,1.2201,1.1075,0.59631,0.62445,-0.050938,-1.003,0.62445,-1.0875,0.32897,0.71825,0.99028,1.3092,-0.71225,-0.34642,-0.0087261,-0.083769,0.033485,-0.4496,-1.186,-0.38863,0.84957,0.5025,0.16481,0.61507,-0.24323,0.33366,0.047556,-0.68411,-0.63252,0.46967,0.76984,1.4827,1.661,0.16481,-0.18695,-0.74508,-0.28545,-1.0124,0.81205,-1.1906,0.52595,1.7313,-0.76853,-1.0312,-0.44491,-0.093149,-0.70287,-0.20571,-1.0453,0.82612,0.42746,-0.82012,-0.53402,0.066317,-0.44491,-0.18226,-0.70756,-0.63252,-0.10722,-1.4111,0.61038,-0.44491,-0.27607,0.080387,0.70887,0.20702,0.38525,0.66197,0.0053444,1.464,1.2764,-0.54341,-0.4496,-0.36987,1.07,1.5531,0.28675,0.13198,0.55409,-0.31828,-0.26669,0.8355,-0.36987,0.071007,1.1075,1.7079,0.22578,-0.84358,-0.89517,-0.37925,0.0053444,0.92462,-0.96083,-1.4064,-0.7357,-0.91393,-0.41677,-0.56217,-0.7826,-0.74508,-0.6888,-0.8342,-0.58562,-0.76853,0.13198,2.8851,1.1544,1.1122,0.11791,-0.43084,0.89179,-0.2104,0.43215,2.538,3.3494,1.3608,-0.52933,-0.36987,-0.1635,0.30082,0.72294,1.5672,0.13198,0.95745,1.009,1.4593,1.5859,1.7548,2.0972,2.2472,1.7548,1.6375,2.9648,2.8007,1.4734,2.1534,3.0586,1.8392,1.2951,1.4687,1.933,1.6047,1.342,1.1451,1.0372,0.44153,0.54002,0.35711,0.67135,0.78391,0.39463,2.9648,1.0794,1.0794,1.1169,1.4874,1.8017,1.5296,0.89648,0.80736,0.6479,0.39463,1.4499,2.4911,1.5812,0.080387,0.1226,0.16012,1.9518,1.4921,-0.055628,0.37587,1.0888,1.2435
1.1102e-16,1.1102e-16,1.1102e-16,1.1102e-16,1.1102e-16,1.1102e-16,1.1102e-16,1.1102e-16,1.1102e-16,1.1102e-16,1.1102e-16,1.1102e-16,1.1102e-16,1.1102e-16,1.1102e-16,1.1102e-16,1.1102e-16,1.1102e-16,1.1102e-16,1.1102e-16,1.1102e-16,1.1102e-16,1.1102e-16,1.1102e-16,1.1102e-16,1.1102e-16,1.1102e-16,1.1102e-16,1.1102e-16,1.1102e-16,0.065609,1.1102e-16,1.1102e-16,1.1102e-16,0.087478,0.30617,0.15309,0.087478,0.10935,0.065609,0.02187,1.1102e-16,1.1102e-16,0.043739,0.83104,0.2187,0.15309,0.15309,0.19683,0.24057,0.30617,0.59048,0.59048,0.37178,0.503,0.37178,0.19683,0.34991,0.2843,0.43739,0.065609,0.32804,0.2843,0.2187,0.24057,0.54674,0.61235,0.63422,1.509,2.012,1.4871,1.1153,1.3559,0.34991,0.24057,0.13122,0.39365,0.43739,0.76544,1.7933,1.9464,1.5309,1.3122,1.181,0.56861,0.43739,0.91852,2.012,1.2466,3.5866,1.0935,1.0497,1.0716,0.76544,1.2028,0.61235,0.19683,0.56861,1.6621,1.181,0.2187,0.043739,0.26244,0.087478,0.13122,0.087478,0.69983,0.48113,0.52487,0.17496,1.9683,3.1711,2.6462,1.7496,1.7496,0.59048,1.2028,0.87478,1.4215,1.3997,2.4713,0.87478,1.0279,3.8709,2.2744,1.8808,3.9803,2.9305,0.7217,0.69983,2.2963,0.63422,0.34991,1.2247,0.96226,0.69983,0.76544,1.5309,5.3362,1.9027,1.4653,1.509,1.2028,3.2148,3.346,3.2804,2.8868,4.5707,1.1591,0.30617,1.3778,1.8152,1.684,1.2247,0.98413,1.1153,2.6681,1.3778,1.2684,1.2466,0.94039,1.0935,0.78731,1.181,0.52487,1.006,0.2843,0.26244,1.2466,1.2466,1.181,0.2187,0.065609,0.19683,0.2843,0.7217,0.30617,1.2028,0.45926,0.503,0.74357,1.0935,1.2684,0.76544,1.1591,1.1153,0.59048,0.76544,1.3778,1.181,1.3559,1.8152,1.2684,0.69983,1.7714,3.6522,2.6681,2.012,0.65609,1.2247,2.34,1.2028,1.6183,1.1591,0.65609,4.6145,2.843,2.34,0.80917,0.15309
-0.84778,0.086026,0.22199,-0.27569,0.088592,-0.08329,-0.067897,0.24765,0.10142,0.042414,-0.085855,0.10142,0.080895,0.34257,0.11938,-0.48349,-0.87087,0.30665,0.47597,0.34,0.12451,-0.22439,-0.28852,-0.32957,-0.39883,-0.88882,0.091157,0.66581,0.97365,0.43492,1.0784,-0.011541,-0.052285,-0.0013552,0.27621,0.013924,-0.57687,-0.35532,-0.3706,-0.24582,-0.4419,-0.25855,-0.15924,0.13106,0.2533,-0.098123,-0.2611,-0.47501,-0.2611,-0.23309,-0.41389,-0.44445,-0.22036,-0.2229,-0.24327,-0.098123,-0.087937,-0.2942,-0.16433,-0.40116,0.10305,-0.047192,0.74223,0.70658,0.15398,-0.30439,-0.36041,-0.16943,-0.26619,0.10051,-0.039553,0.25839,0.53087,0.38571,0.66838,0.3246,0.16417,0.16926,0.30168,-0.10067,0.33988,0.17181,0.13361,0.13106,0.58944,0.60981,0.51813,0.93576,1.2923,0.029203,1.0605,0.97396,0.87974,0.2482,0.64801,0.7244,0.96887,0.58689,1.3279,1.2006,0.9816,1.2108,1.2541,1.1013,0.41118,0.19473,0.80589,0.92812,1.6819,1.4145,1.3559,0.75496,0.51304,0.31696,1.002,1.2846,1.7048,2.9144,2.7209,2.5961,2.4662,1.771,2.3669,2.153,1.631,0.29404,0.029203,0.66328,0.49267,0.36025,0.7244,0.2533,0.92048,2.6572,2.3491,1.6666,0.59453,0.27112,0.48503,0.11069,-0.065018,0.99688,0.92812,1.5724,1.6946,0.40099,0.80334,1.5469,1.3712,1.8219,1.2541,1.7124,1.2948,1.0147,1.4782,1.0809,1.2974,0.32969,0.0011913,1.4451,2.3032,0.9434,0.91539,1.9493,0.97141,1.1777,1.3254,0.86955,1.3687,3.1741,4.7657,4.0552,3.3244,2.3924,1.6539,1.7201,1.2235,1.1089,0.76769,1.2541,1.0223,0.63273,1.6004,1.4909,2.6012,2.563,5.0764,5.0433,2.7209,1.4985,1.3585,0.70658,0.26858,0.12342,-0.09303,-0.29166,0.28895,0.33988,0.55378,0.52323,0.85427,0.56906,0.33988,0.61745,-0.095576,0.9052,0.67092,0.58944,0.63782,-0.30439
-0.80483,2.537,0.81905,-0.69825,-0.23428,-1.018,-0.9992,-0.72333,-0.44119,-0.80483,-0.096346,-0.058727,0.82532,0.71246,0.32373,-0.45373,-0.69825,-0.28444,-0.3346,-0.32206,-0.24055,-0.44119,-0.25309,0.46794,-0.19039,-0.29698,2.2486,0.67484,0.71873,0.066669,0.68459,-0.56014,-0.37343,0.31117,0.15558,-0.23651,-0.81531,-0.14938,-0.45434,-0.69706,-0.56014,-0.23028,-0.38588,-8.8844e-06,0.21782,-0.23028,-0.21161,0.69704,-0.37343,-0.6286,-0.53524,-0.27385,0.062228,-0.2863,-0.66594,-0.4979,-0.59748,-0.53524,-0.2614,0.16803,0.0062148,0.018662,0.34229,0.93354,0.58502,0.80284,0.35474,0.95221,0.74683,1.3381,0.72816,1.5497,0.52278,0.093346,1.3132,1.3443,0.88375,0.77173,0.44187,-0.95223,-0.37965,0.39208,0.33607,1.3132,2.1223,2.1036,0.60991,-0.46056,-0.28007,-0.96468,0.031109,0.15558,0.64725,2.1098,3.0371,2.8255,3.1678,1.6742,2.533,3.4977,2.6824,3.2239,2.116,1.5932,1.2136,0.57257,0.95221,0.98333,1.0269,1.4377,2.1534,2.06,1.363,1.2634,1.1327,0.75305,0.52278,0.43565,0.7655,0.69082,0.60369,0.39208,1.531,1.7924,1.1949,1.5808,0.95844,1.4874,2.5081,0.75928,1.419,0.56012,0.48544,0.38586,0.95221,1.9916,0.80907,0.57257,0.04978,-0.1556,0.1867,0.70327,0.12446,-0.01868,0.36096,-0.31742,0.26761,0.98955,1.3505,0.71571,1.1576,1.4812,0.7904,0.94599,0.57879,0.031109,0.35474,-0.57259,-1.1078,0.20537,0.46054,-0.17427,0.78417,0.98333,0.85263,0.77795,-0.14315,0.13069,-0.21784,0.80284,0.50411,0.72194,1.3879,1.3754,0.7904,1.5995,2.1658,2.5455,1.7737,2.1098,1.0456,0.49788,2.4895,2.116,3.0932,2.5641,2.6139,2.2343,1.9791,1.0705,1.2634,1.2323,0.087122,0.63481,-0.024904,-0.16805,-0.01868,-0.3921,0.17425,-0.6037,-0.59748,-0.5228,-0.20539,-0.21784,-1.0705,-0.024904,-0.062246,-0.13071,-0.46056,-1.6555
1.0507,1.4392,1.0014,0.44264,0.65927,0.010857,0.17371,0.32461,-0.19532,-0.19233,-0.26554,-0.24612,-0.23566,-0.16096,-0.2506,-0.24164,-0.2013,-0.23716,-0.28347,-0.32829,-0.30887,-0.29692,-0.24463,-0.1998,-0.31634,-0.16992,-0.089245,0.088547,-0.30439,-0.42242,-0.29701,0.055907,1.2431,0.46346,1.0674,1.0039,0.14451,-0.09471,-0.40628,-0.45944,-0.36641,-0.44024,-0.37823,-0.42991,-0.47568,-0.48011,-0.45058,-0.46682,-0.48454,-0.47421,-0.45206,-0.1966,-0.4683,-0.51851,-0.5377,-0.52589,-0.50965,-0.49193,-0.52589,-0.53327,-0.54804,-0.51555,-0.36494,1.1412,1.3022,0.84591,-0.051888,0.46494,0.23163,-0.43286,-0.50669,-0.43581,-0.49193,-0.51112,-0.39004,-0.15525,-0.50669,-0.50817,1.0822,-0.41662,-0.49636,-0.48159,-0.48159,-0.51851,-0.47273,-0.45206,-0.4934,-0.50226,-0.46387,-0.42548,-0.45944,-0.51112,1.3214,0.39701,0.54615,0.0071777,0.72187,1.6817,0.29365,-0.50374,-0.44024,-0.50522,-0.42548,-0.43581,-0.49931,-0.44615,0.33204,0.65542,0.8843,1.3937,1.0896,1.5636,2.0863,0.39701,1.3406,2.1114,0.95518,1.977,2.0819,-0.10357,0.15632,0.28036,0.77798,0.011608,0.0042245,-0.091757,0.026374,-0.18331,-0.21875,-0.0075887,0.96552,-0.20251,-0.35608,-0.39742,-0.46239,-0.41957,-0.38266,-0.42548,-0.46535,-0.41809,-0.40924,-0.38709,-0.3989,-0.43581,0.9921,-0.43434,-0.32507,-0.35017,-0.3738,-0.32507,-0.11538,-0.43138,0.78094,1.9312,-0.41662,-0.37823,1.317,1.5547,2.5898,1.5429,0.38815,1.0585,2.7966,2.8822,1.252,0.93598,3.1185,2.2487,1.3672,2.1837,1.9032,5.3408,2.77,2.1719,0.76026,3.024,2.6888,0.28479,-0.28224,-0.48011,-0.49783,-0.38856,-0.46978,-0.45501,-0.29258,0.41325,-0.48307,-0.17593,-0.42991,-0.47273,-0.4875,-0.49045,-0.52884,1.9224,1.441,-0.52441,-0.12129,-0.45649,0.31727,1.6005,3.2381,0.61408,1.8958,1.8515,2.0745,1.4499,1.2313,1.0275,1.0881,0.78094
-0.92019,0.064235,2.3761,3.042,1.7808,1.7866,1.7866,1.4724,0.80796,0.66815,0.19107,0.54708,-0.049629,-0.23124,-0.50941,-0.60598,-0.79047,-0.78614,-0.90001,-0.80344,-0.75155,-0.77173,-0.7847,-0.8438,-0.90001,-0.57715,-0.82794,-0.79912,-1.1321,-1.5385,-1.5603,-1.5731,-1.4962,-1.5931,-1.6728,-1.3993,-0.73692,-0.4691,-1.1144,-1.4136,-1.6515,-1.7825,-1.811,-1.8181,-1.858,-1.8537,-1.868,-1.8822,-1.8965,-1.9022,-1.9079,-1.925,-1.9093,-1.9221,-1.9264,-1.9321,-1.9264,-1.9193,-1.8922,-1.8367,-1.7797,-1.7612,-1.4064,-1.425,-1.4321,-1.2697,-1.2996,-1.4292,-1.425,-1.4349,-1.6187,-1.5802,-1.5503,-1.6757,-1.4962,-1.6543,-1.6315,-1.7156,-1.7668,-1.7084,-1.8082,-1.8039,-1.8238,-1.8651,-1.8894,-1.905,-1.8965,-1.9136,-1.905,-1.9122,-1.9307,-1.9221,-1.9264,-1.9235,-1.9321,-1.831,-1.0418,-0.72694,-0.13577,-0.28961,-0.34944,-0.80102,-0.48335,-0.79675,-0.858,-0.99048,-1.3096,-1.4292,-1.4364,-1.5176,-1.6586,-1.6386,-0.61298,-0.9976,-1.6671,-1.7555,-1.8523,-1.8566,-1.821,-1.7882,-1.6814,-1.65,-1.7925,-1.8552,-1.4933,-1.197,0.49387,0.91411,0.92408,1.3856,1.4269,1.4241,0.71468,0.082187,-0.20272,-0.39503,0.63633,0.035177,-0.09303,-0.008983,-0.050294,0.020932,-0.58164,-0.75686,-0.8523,-0.9449,-0.7996,-0.27822,-1.1443,-1.1671,-1.3979,-1.4648,-1.1586,-1.3466,-1.348,-1.2369,-1.1942,-1.4762,-1.4791,-1.3922,-1.4406,-1.2583,-1.6928,-1.7483,-1.5019,-1.7455,-1.8438,-1.7483,-1.7099,-1.5973,-1.8865,-1.9164,-1.9321,-1.9335,-1.9193,-1.8466,-1.9022,-1.8067,-1.8253,-1.9079,-1.9278,-1.9178,-1.9321,-1.925,-1.9193,-1.9207,-1.9292,-1.9178,-1.9264,-1.9221,-1.9307,-1.9349,-1.9378,-1.9364,-1.9349,-1.9364,-1.9392,-1.9264,-1.7768,-1.5275,-0.67566,-0.028926,0.018083,-0.23263,-0.46198,-0.53178,0.91696,1.3757,0.803,1.6976
2.2818,0.2764,0.14602,-0.62913,-0.25459,-0.26644,-0.15266,0.48026,-0.12895,-0.42526,-0.60068,-0.62438,-0.60779,-0.62438,0.15787,-0.25222,-0.70735,0.084389,1.1961,1.0729,1.8931,0.093871,-0.70498,-0.73817,-0.45371,-0.65757,-0.064951,0.67938,0.421,-0.88988,0.16225,0.25831,1.5445,0.82528,-0.90609,-0.35786,-0.60152,-0.50547,-0.72804,-0.59215,-0.60621,-0.69992,-0.67181,-0.36255,-0.70227,-0.75381,-0.62495,0.88854,0.14585,-0.81707,-0.80769,-0.82878,0.50665,-0.14701,-1.0186,-0.85455,-1.0326,-0.95295,-1.0279,-0.66009,-0.98341,-1.0303,-0.38832,0.09665,-0.92484,-0.35552,-0.38832,-0.95529,-0.95061,-0.86627,-0.93187,-0.90844,-0.90609,-0.94827,-0.28992,-0.090779,-0.89438,-0.39535,0.44339,0.51602,-0.011122,0.43402,0.68705,-0.61558,-0.0087787,-0.40706,-0.65307,-0.74912,-0.029864,-0.57575,-0.27118,0.12711,-0.01815,1.2845,-0.35552,-0.74444,-0.62027,2.0178,1.9147,-0.25244,-0.29226,-0.50781,-0.48438,-0.58278,-0.69524,-0.73741,-0.53358,1.2611,-0.32741,-0.56169,-1.0045,-1.0631,1.7226,1.6055,-0.68352,-0.36255,0.15991,-0.30632,-0.22198,-0.16575,-0.28524,-0.40706,0.76671,1.4579,1.3454,0.24894,-0.39535,0.91899,3.0768,2.47,0.68002,-0.27586,0.12711,1.9991,3.618,1.8397,1.1181,-0.34849,-0.72804,0.45979,-0.40706,-0.54061,-0.57107,-0.58981,-0.61324,0.26065,1.0596,0.87214,-0.86627,-0.027522,0.72454,-0.048607,-0.60387,-0.83815,-0.065007,1.1158,-0.77255,0.56054,0.51602,-0.74678,-0.68821,-0.79598,-0.65072,-0.96232,-0.39769,0.040421,-0.72804,0.86277,2.6012,0.93774,-0.45627,-0.96701,-0.60621,-0.16809,-0.76084,0.47854,2.559,3.7328,1.8749,0.27236,-0.66009,-0.34381,-0.69289,1.6781,3.0252,0.20208,-0.53124,1.3969,-0.036893,-0.49141,-0.62261,-1.049,-1.0842,0.26065,-0.77021,-0.80535,-0.91078,0.36139,2.1209,2.4208,1.7484,-0.25244,-0.69524,0.38248,2.2427,1.2798,1.5727,1.1299,1.2447,0.65425
0.2886,0.14268,0.38588,0.045398,-0.24644,-0.1978,0.23996,-0.24644,-0.10052,-0.051883,-0.051883,0.19132,0.5318,-0.051883,-0.051883,0.775,0.045398,-0.14916,-0.14916,-0.10052,-0.1978,-0.14916,-0.10052,-0.24644,-0.051883,-0.14916,-0.10052,-0.0032427,-0.051883,-0.1978,1.5982,0.96714,0.43316,1.2099,1.2099,0.28753,0.67588,0.67588,0.33607,0.43316,0.28753,0.53025,0.28753,0.23899,0.19044,0.43316,0.43316,0.67588,-0.14936,0.53025,0.093358,0.33607,0.38462,0.77296,0.33607,0.77296,0.53025,0.43316,0.044815,0.044815,0.62733,1.2099,0.82151,0.43316,0.28753,1.5982,0.28753,0.4817,0.53025,0.91859,0.19044,0.23899,0.53025,1.7438,3.8312,2.0351,1.5982,1.1613,1.7924,2.4234,0.43316,0.044815,0.19044,0.28753,0.82151,1.1128,2.0836,2.4234,0.77296,1.0642,0.57879,0.1419,0.72442,0.28753,0.28753,0.23899,0.28753,0.4817,0.4817,0.19044,0.19044,0.33607,0.19044,0.53025,0.1419,0.87005,0.33607,0.33607,0.38462,0.67588,0.43316,0.23899,1.404,1.9865,1.9865,3.7341,4.1224,2.3263,2.5205,0.62733,1.0157,1.5497,2.7632,0.4817,0.57879,1.5011,1.8409,1.1128,0.43316,2.0836,2.1807,2.9574,4.4137,0.23899,1.2099,0.33607,0.38462,1.2584,2.5691,3.4428,2.6661,3.0545,1.5011,1.8895,2.1807,1.0642,1.1128,2.1807,1.4526,0.77296,1.1128,1.0642,1.2584,0.62733,1.5497,0.77296,0.28753,0.28753,1.4526,0.91859,0.96714,0.4817,0.67588,-0.1979,-0.10081,0.044815,0.43316,0.4817,0.72442,0.33607,0.53025,0.38462,0.96714,1.1613,0.33607,1.1613,1.938,1.5982,0.4817,0.38462,0.093358,2.2778,0.33607,0.38462,0.87005,1.0642,0.33607,0.82151,2.7147,0.53025,0.43316,1.6953,0.72442,0.23899,0.093358,0.093358,1.3069,3.2487,2.0836,4.5108,2.9089,2.5205,2.7632,2.3749,4.2195,2.2778,3.1516,1.6953,0.43316,-0.0037279
